province_code,city_code,code,category,old_name,proposed_name,final_name
LN,004,018,中心,三溪科创小镇发展中心,三溪科创小镇发展镇,三溪科创小镇发展中心
HT,044,011,中心,中国林业科学研究院沙漠林业实验中心,中国林业科学研究院沙漠林业实验镇,中国林业科学研究院沙漠林业实验中心
SX,079,010,中心,代县党群服务中心,代县党群服务镇,代县党群服务中心
AH,001,125,中心,兴园社区服务中心,兴园社区服务镇,兴园社区服务中心
JS,060,016,中心,农业技术服务中心,农业技术服务镇,农业技术服务中心
JX,041,016,中心,农业技术服务中心,农业技术服务镇,农业技术服务中心
HA,008,019,中心,华明高新技术产业区服务中心,华明高新技术产业区服务镇,华明高新技术产业区服务中心
JS,007,019,中心,南京金港科技创业中心,南京金港科技创业镇,南京金港科技创业中心
SD,059,019,中心,南京金港科技创业中心,南京金港科技创业镇,南京金港科技创业中心
HU,079,013,中心,南洞庭湿地保护与发展事务中心,南洞庭湿地保护与发展事务镇,南洞庭湿地保护与发展事务中心
SD,001,138,中心,南部新城建设服务中心,南部新城建设服务镇,南部新城建设服务中心
SD,011,007,中心,南部新城建设服务中心,南部新城建设服务镇,南部新城建设服务中心
HE,072,014,中心,卫辉市高效农业服务中心,卫辉市高效农业服务镇,卫辉市高效农业服务中心
LJ,072,020,中心,原种示范服务中心,原种示范服务镇,原种示范服务中心
RH,028,019,中心,原种繁育中心,原种繁育镇,原种繁育中心
XJ,017,008,中心,国有林管理中心,国有林管理镇,国有林管理中心
SX,070,012,中心,垣曲县社区服务中心,垣曲县社区服务镇,垣曲县社区服务中心
AH,001,129,中心,城西桥社区服务中心,城西桥社区服务镇,城西桥社区服务中心
AH,001,124,中心,天乐社区服务中心,天乐社区服务镇,天乐社区服务中心
HT,046,012,中心,巴彦淖尔市同和太种畜繁育中心,巴彦淖尔市同和太种畜繁育镇,巴彦淖尔市同和太种畜繁育中心
JL,044,028,中心,松原市哈达山国有林保护中心,松原市哈达山国有林保护镇,松原市哈达山国有林保护中心
JL,044,025,中心,松原市善友国有林保护中心,松原市善友国有林保护镇,松原市善友国有林保护中心
JL,044,026,中心,松原市宁江区八家子国有林保护中心,松原市宁江区八家子国有林保护镇,松原市宁江区八家子国有林保护中心
SX,052,020,中心,榆次区使赵乡社会事务服务中心,榆次区使赵乡社会事务服务镇,榆次区使赵乡社会事务服务中心
HT,026,012,中心,汇金区域服务中心,汇金区域服务镇,汇金区域服务中心
LN,004,019,中心,洪湾商贸物流中心,洪湾商贸物流镇,洪湾商贸物流中心
SD,076,018,中心,济东物业服务中心,济东物业服务镇,济东物业服务中心
LJ,079,024,中心,海伦市森林资源保护中心,海伦市森林资源保护镇,海伦市森林资源保护中心
AH,023,011,中心,淮河社区行政事务管理中心,淮河社区行政事务管理镇,淮河社区行政事务管理中心
AH,023,010,中心,湖滨社区行政事务管理中心,湖滨社区行政事务管理镇,湖滨社区行政事务管理中心
HU,079,014,中心,漉湖湿地保护与发展事务中心,漉湖湿地保护与发展事务镇,漉湖湿地保护与发展事务中心
SX,061,011,中心,灵石县城区社会事务服务中心,灵石县城区社会事务服务镇,灵石县城区社会事务服务中心
ZJ,024,022,中心,环杭州湾创新中心,环杭州湾创新镇,环杭州湾创新中心
AH,001,141,中心,瑶海社区服务中心,瑶海社区服务镇,瑶海社区服务中心
LJ,072,021,中心,畜牧技术推广服务中心,畜牧技术推广服务镇,畜牧技术推广服务中心
RH,028,021,中心,科尔沁左翼后旗畜牧水产技术服务中心,科尔沁左翼后旗畜牧水产技术服务镇,科尔沁左翼后旗畜牧水产技术服务中心
AH,001,142,中心,站北社区服务中心,站北社区服务镇,站北社区服务中心
XA,017,019,中心,绿水种畜繁育中心,绿水种畜繁育镇,绿水种畜繁育中心
TS,009,010,中心,良种繁育中心,良种繁育镇,良种繁育中心
JS,037,007,中心,苏州高新技术创业服务中心,苏州高新技术创业服务镇,苏州高新技术创业服务中心
HU,058,016,中心,营田公务中心,营田公务镇,营田公务中心
AH,001,126,中心,蜀麓社区服务中心,蜀麓社区服务镇,蜀麓社区服务中心
RH,032,019,中心,通辽市嘎达苏种畜繁育中心,通辽市嘎达苏种畜繁育镇,通辽市嘎达苏种畜繁育中心
RH,025,024,中心,通辽市高林屯种畜繁育中心,通辽市高林屯种畜繁育镇,通辽市高林屯种畜繁育中心
HT,026,011,中心,金浩区域服务中心,金浩区域服务镇,金浩区域服务中心
HT,026,013,中心,金海区域服务中心,金海区域服务镇,金海区域服务中心
AH,001,127,中心,长宁社区服务中心,长宁社区服务镇,长宁社区服务中心
SX,029,013,中心,长治市屯留区上莲综合服务中心,长治市屯留区上莲综合服务镇,长治市屯留区上莲综合服务中心
TW,328,045,中心,长治市屯留区上莲综合服务中心,长治市屯留区上莲综合服务镇,长治市屯留区上莲综合服务中心
SX,029,012,中心,长治市屯留区康庄综合服务中心,长治市屯留区康庄综合服务镇,长治市屯留区康庄综合服务中心
TW,328,044,中心,长治市屯留区康庄综合服务中心,长治市屯留区康庄综合服务镇,长治市屯留区康庄综合服务中心
SX,029,011,中心,长治市屯留区西流寨综合服务中心,长治市屯留区西流寨综合服务镇,长治市屯留区西流寨综合服务中心
TW,328,043,中心,长治市屯留区西流寨综合服务中心,长治市屯留区西流寨综合服务镇,长治市屯留区西流寨综合服务中心
SX,027,018,中心,长治市老顶山旅游开发管理中心,长治市老顶山旅游开发管理镇,长治市老顶山旅游开发管理中心
TW,328,018,中心,长治市老顶山旅游开发管理中心,长治市老顶山旅游开发管理镇,长治市老顶山旅游开发管理中心
SD,129,024,中心,香江光彩大市场服务中心,香江光彩大市场服务镇,香江光彩大市场服务中心
HI,036,020,中心,高新区高新技术创业服务中心,高新区高新技术创业服务镇,高新区高新技术创业服务中心
HT,027,007,中心,黄河湿地管护中心,黄河湿地管护镇,黄河湿地管护中心
LJ,033,016,中心,黑龙江省社会救助安置中心,黑龙江省社会救助安置镇,黑龙江省社会救助安置中心
LN,004,017,保税区,保税区,保税区,保税区
ZJ,017,012,保税区,保税区,保税区,保税区
HA,014,023,保税区,天津港保税区,天津港镇,天津港保税区
JS,044,013,保税区,张家港保税区,张家港镇,张家港保税区
GD,024,011,保税区,福田保税区,福田镇,福田保税区
FJ,017,007,保税区,象屿保税区,象屿镇,象屿保税区
HA,014,025,保税港区,东疆保税港区,东疆镇,东疆保税港区
FJ,016,006,保税港区,厦门海沧保税港区,厦门海沧镇,厦门海沧保税港区
GX,056,020,保税港区,广西钦州保税港区,广西钦州镇,广西钦州保税港区
HE,068,014,农场,农场,农场,农场
SJ,014,020,出口加工区,上海松江出口加工区,上海松江镇,上海松江出口加工区
HI,052,018,办事处,东山头办事处,东山头镇,东山头办事处
HI,075,001,办事处,严家闸办事处,严家闸镇,严家闸办事处
HT,043,011,办事处,五原县隆兴昌镇荣丰办事处,五原县隆兴昌镇荣丰镇,五原县隆兴昌镇荣丰办事处
HI,051,019,办事处,何集办事处,何集镇,何集办事处
HI,073,015,办事处,八里湖办事处,八里湖镇,八里湖办事处
LJ,001,261,办事处,兴隆林业局办事处,兴隆林业局镇,兴隆林业局办事处
LJ,001,271,办事处,兴隆林业局办事处,兴隆林业局镇,兴隆林业局办事处
LJ,015,009,办事处,兴隆林业局办事处,兴隆林业局镇,兴隆林业局办事处
LJ,016,010,办事处,兴隆林业局办事处,兴隆林业局镇,兴隆林业局办事处
HT,001,031,办事处,包钢厂区办事处,包钢厂区镇,包钢厂区办事处
HT,005,016,办事处,包钢厂区办事处,包钢厂区镇,包钢厂区办事处
HI,075,006,办事处,塞湖办事处,塞湖镇,塞湖办事处
HI,001,176,办事处,大潭办事处,大潭镇,大潭办事处
HI,013,018,办事处,大潭办事处,大潭镇,大潭办事处
HI,052,019,办事处,孝感开发区丹阳办事处,孝感开发区丹阳镇,孝感开发区丹阳办事处
HI,052,020,办事处,孝感开发区孝天办事处,孝感开发区孝天镇,孝感开发区孝天办事处
HI,052,021,办事处,孝感开发区槐荫办事处,孝感开发区槐荫镇,孝感开发区槐荫办事处
SX,081,014,办事处,宁武县居民办事处,宁武县居民镇,宁武县居民办事处
SX,077,009,办事处,定襄县居民办事处,定襄县居民镇,定襄县居民办事处
SX,085,011,办事处,岢岚县居民办事处,岢岚县居民镇,岢岚县居民办事处
SD,096,016,办事处,开发区办事处,开发区镇,开发区办事处
JX,096,013,办事处,新篁办事处,新篁镇,新篁办事处
HI,051,020,办事处,易家岭办事处,易家岭镇,易家岭办事处
HI,075,005,办事处,春港办事处,春港镇,春港办事处
HI,052,017,办事处,朱湖办事处,朱湖镇,朱湖办事处
HI,075,004,办事处,沙湖办事处,沙湖镇,沙湖办事处
HI,075,003,办事处,洋湖办事处,洋湖镇,洋湖办事处
JX,071,015,办事处,石溪办事处,石溪镇,石溪办事处
HI,051,017,办事处,罗汉寺办事处,罗汉寺镇,罗汉寺办事处
HI,075,002,办事处,芦柴湖办事处,芦柴湖镇,芦柴湖办事处
JX,095,018,办事处,铅山县青溪办事处,铅山县青溪镇,铅山县青溪办事处
HI,051,018,办事处,长滩办事处,长滩镇,长滩办事处
SX,082,013,办事处,静乐县居民办事处,静乐县居民镇,静乐县居民办事处
XJ,014,008,加工区,伊吾县工业加工区,伊吾县工业镇,伊吾县工业加工区
SD,060,015,加工区,外向型工业加工区,外向型工业镇,外向型工业加工区
HI,025,013,区,三峡坝区,三峡坝镇,三峡坝区
HE,091,015,区,东城区,东城镇,东城区
FJ,031,019,区,东风农场生活区,东风农场生活镇,东风农场生活区
XJ,022,021,区,丝路街道片区,丝路街道片镇,丝路街道片区
GX,107,012,区,中国东盟南宁空港扶绥经济区,中国东盟南宁空港扶绥经济镇,中国东盟南宁空港扶绥经济区
HI,046,015,区,临空经济区,临空经济镇,临空经济区
ZJ,033,020,区,乌岩岭自然保护区,乌岩岭自然保护镇,乌岩岭自然保护区
HA,026,016,区,乐亭县城区工业聚集区,乐亭县城区工业聚集镇,乐亭县城区工业聚集区
RH,002,003,区,二连边境经济技术合作区,二连边境经济技术合作镇,二连边境经济技术合作区
XJ,002,017,区,二道桥片区,二道桥片镇,二道桥片区
JX,069,017,区,井冈山自然保护区,井冈山自然保护镇,井冈山自然保护区
HI,001,137,区,侏儒山街道成功片区,侏儒山街道成功片镇,侏儒山街道成功片区
HI,011,016,区,侏儒山街道成功片区,侏儒山街道成功片镇,侏儒山街道成功片区
HI,001,135,区,侏儒山街道洪北片区,侏儒山街道洪北片镇,侏儒山街道洪北片区
HI,011,014,区,侏儒山街道洪北片区,侏儒山街道洪北片镇,侏儒山街道洪北片区
LI,102,026,区,兴城滨海经济区,兴城滨海经济镇,兴城滨海经济区
LI,102,025,区,兴城飞地经济区,兴城飞地经济镇,兴城飞地经济区
TS,016,033,区,兵团一三零团分部生活区,兵团一三零团分部生活镇,兵团一三零团分部生活区
TS,016,031,区,兵团一二七团生活区,兵团一二七团生活镇,兵团一二七团生活区
TS,016,027,区,兵团一二三团生活区,兵团一二三团生活镇,兵团一二三团生活区
TS,016,029,区,兵团一二五团分部生活区,兵团一二五团分部生活镇,兵团一二五团分部生活区
TS,016,032,区,兵团一二八团分部生活区,兵团一二八团分部生活镇,兵团一二八团分部生活区
TS,016,030,区,兵团一二六团生活区,兵团一二六团生活镇,兵团一二六团生活区
TS,016,028,区,兵团一二四团生活区,兵团一二四团生活镇,兵团一二四团生活区
HE,131,029,区,农村改革发展综合试验核心区,农村改革发展综合试验核心镇,农村改革发展综合试验核心区
SX,053,010,区,北城区,北城镇,北城区
SX,053,011,区,南城区,南城镇,南城区
GX,001,070,区,南宁华侨投资区,南宁华侨投资镇,南宁华侨投资区
GX,008,014,区,南宁华侨投资区,南宁华侨投资镇,南宁华侨投资区
GD,075,012,区,南昆山生态旅游区,南昆山生态旅游镇,南昆山生态旅游区
XJ,002,021,区,南湾街片区,南湾街片镇,南湾街片区
LI,099,015,区,南票飞地经济区,南票飞地经济镇,南票飞地经济区
ZJ,029,023,区,县特产场场区,县特产场场镇,县特产场场区
XJ,022,024,区,友好街道片区,友好街道片镇,友好街道片区
HI,053,015,区,双峰山旅游渡假区,双峰山旅游渡假镇,双峰山旅游渡假区
AH,001,132,区,合淮合作区,合淮合作镇,合淮合作区
JX,057,012,区,吉州区工业园小区,吉州区工业园小镇,吉州区工业园小区
XJ,029,009,区,和硕县马兰公安管区,和硕县马兰公安管镇,和硕县马兰公安管区
HI,078,015,区,咸安商贸物流区,咸安商贸物流镇,咸安商贸物流区
SC,059,021,区,唐家河国家级自然保护区,唐家河国家级自然保护镇,唐家河国家级自然保护区
SJ,011,012,区,嘉定工业区,嘉定工业镇,嘉定工业区
ZJ,001,072,区,围垦区,围垦镇,围垦区
ZJ,006,025,区,围垦区,围垦镇,围垦区
GD,044,012,区,圭峰区,圭峰镇,圭峰区
SX,054,008,区,城区,城镇,城区
SX,055,009,区,城区,城镇,城区
SX,056,009,区,城区,城镇,城区
SX,057,011,区,城区,城镇,城区
SX,059,009,区,城区,城镇,城区
FJ,042,017,区,城南工业区,城南工业镇,城南工业区
HE,131,026,区,城阳城址保护区,城阳城址保护镇,城阳城址保护区
XJ,002,022,区,大巴扎片区,大巴扎片镇,大巴扎片区
XJ,002,019,区,大湾片区,大湾片镇,大湾片区
HI,092,011,区,大路坝区,大路坝镇,大路坝区
HA,008,018,区,天津市东丽区临空经济区,天津市东丽区临空经济镇,天津市东丽区临空经济区
HA,015,018,区,天津未来科技城天津经济技术开发区片区,天津未来科技城天津经济技术开发区片镇,天津未来科技城天津经济技术开发区片区
HA,015,019,区,天津未来科技城滨海高新区片区,天津未来科技城滨海高新区片镇,天津未来科技城滨海高新区片区
HA,008,014,区,天津空港经济区,天津空港经济镇,天津空港经济区
HA,009,013,区,天津经济技术开发区微电子小区,天津经济技术开发区微电子小镇,天津经济技术开发区微电子小区
HA,008,012,区,天津经济技术开发区西区,天津经济技术开发区西镇,天津经济技术开发区西区
HA,008,013,区,天津航空物流区,天津航空物流镇,天津航空物流区
AH,016,010,区,安徽省江北产业集中区,安徽省江北产业集中镇,安徽省江北产业集中区
AH,018,020,区,安徽省江北产业集中区,安徽省江北产业集中镇,安徽省江北产业集中区
HB,071,009,区,容东片区,容东片镇,容东片区
HB,071,010,区,容西片区,容西片镇,容西片区
JS,078,019,区,射阳港经济区,射阳港经济镇,射阳港经济区
AH,001,128,区,小庙托管区,小庙托管镇,小庙托管区
HE,079,009,区,小营工贸区,小营工贸镇,小营工贸区
HX,015,010,区,工业集中区,工业集中镇,工业集中区
XJ,022,022,区,希望街道片区,希望街道片镇,希望街道片区
GD,099,008,区,广东佛冈观音山省级自然保护区,广东佛冈观音山省级自然保护镇,广东佛冈观音山省级自然保护区
GD,074,019,区,广东惠东古田省级自然保护区,广东惠东古田省级自然保护镇,广东惠东古田省级自然保护区
XJ,022,026,区,康都街道片区,康都街道片镇,康都街道片区
JL,056,014,区,延边新兴工业集中区,延边新兴工业集中镇,延边新兴工业集中区
LI,101,029,区,建昌飞地经济区,建昌飞地经济镇,建昌飞地经济区
AH,041,013,区,当涂大青山李白文化旅游区,当涂大青山李白文化旅游镇,当涂大青山李白文化旅游区
GD,074,017,区,惠东县港口海龟湾自然保护区,惠东县港口海龟湾自然保护镇,惠东县港口海龟湾自然保护区
FJ,042,018,区,惠南工业区,惠南工业镇,惠南工业区
JS,021,011,区,户部山回龙窝历史文化街区,户部山回龙窝历史文化街镇,户部山回龙窝历史文化街区
YN,115,011,区,户部山回龙窝历史文化街区,户部山回龙窝历史文化街镇,户部山回龙窝历史文化街区
GX,107,013,区,扶绥县木业家居产业集聚区,扶绥县木业家居产业集聚镇,扶绥县木业家居产业集聚区
SX,028,011,区,振兴乡村生态文化旅游区,振兴乡村生态文化旅游镇,振兴乡村生态文化旅游区
TW,328,030,区,振兴乡村生态文化旅游区,振兴乡村生态文化旅游镇,振兴乡村生态文化旅游区
HE,070,017,区,新乡市纺织工业聚集区,新乡市纺织工业聚集镇,新乡市纺织工业聚集区
HE,070,016,区,新乡市食品工业聚集区,新乡市食品工业聚集镇,新乡市食品工业聚集区
CL,006,012,区,新和县新材料园区生活区,新和县新材料园区生活镇,新和县新材料园区生活区
CL,006,011,区,新和县物流园区生活区,新和县物流园区生活镇,新和县物流园区生活区
CL,006,010,区,新和县轻工业园区生活区,新和县轻工业园区生活镇,新和县轻工业园区生活区
JS,003,016,区,新街口商务商贸街区,新街口商务商贸街镇,新街口商务商贸街区
JS,014,009,区,无锡惠山工业转型集聚区,无锡惠山工业转型集聚镇,无锡惠山工业转型集聚区
YN,001,091,区,昆明阳宗海风景名胜区,昆明阳宗海风景名胜镇,昆明阳宗海风景名胜区
YN,010,010,区,昆明阳宗海风景名胜区,昆明阳宗海风景名胜镇,昆明阳宗海风景名胜区
HB,080,013,区,昝岗片区,昝岗片镇,昝岗片区
HA,024,018,区,曹妃甸工业区,曹妃甸工业镇,曹妃甸工业区
GX,100,025,区,来华投资区,来华投资镇,来华投资区
SJ,014,018,区,松江工业区,松江工业镇,松江工业区
FJ,055,009,区,林墩工业区,林墩工业镇,林墩工业区
XJ,022,025,区,楼兰街道片区,楼兰街道片镇,楼兰街道片区
ZS,010,129,区,武当山特区,武当山特镇,武当山特区
ZS,015,021,区,武当山特区,武当山特镇,武当山特区
XJ,022,023,区,永安街道片区,永安街道片镇,永安街道片区
JX,004,007,区,江西青云谱新经济产业集聚区,江西青云谱新经济产业集聚镇,江西青云谱新经济产业集聚区
AH,104,026,区,池州市杏花村文化旅游区,池州市杏花村文化旅游镇,池州市杏花村文化旅游区
JS,080,018,区,沿海经济区,沿海经济镇,沿海经济区
HA,010,013,区,津南开发区东区,津南开发区东镇,津南开发区东区
HA,010,014,区,津南开发区西区,津南开发区西镇,津南开发区西区
SJ,016,012,区,海湾旅游区,海湾旅游镇,海湾旅游区
FJ,033,015,区,海西三明生态工贸区,海西三明生态工贸镇,海西三明生态工贸区
HE,107,017,区,涧东区,涧东镇,涧东区
HE,107,018,区,涧西区,涧西镇,涧西区
FJ,085,024,区,湾坞工业集中区,湾坞工业集中镇,湾坞工业集中区
XA,001,095,区,满洲里市互市贸易区,满洲里市互市贸易镇,满洲里市互市贸易区
XA,010,007,区,满洲里市互市贸易区,满洲里市互市贸易镇,满洲里市互市贸易区
XA,001,096,区,满洲里市经济合作区,满洲里市经济合作镇,满洲里市经济合作区
XA,010,008,区,满洲里市经济合作区,满洲里市经济合作镇,满洲里市经济合作区
JS,076,018,区,滨海港经济区,滨海港经济镇,滨海港经济区
JS,062,017,区,灌云临港产业区,灌云临港产业镇,灌云临港产业区
JS,095,014,区,火车站街区,火车站街镇,火车站街区
SD,018,023,区,灵山岛省级自然保护区,灵山岛省级自然保护镇,灵山岛省级自然保护区
SD,068,013,区,王母宫经济发展区,王母宫经济发展镇,王母宫经济发展区
XJ,018,012,区,玛电工业区,玛电工业镇,玛电工业区
SX,053,009,区,白塔区,白塔镇,白塔区
AH,104,024,区,皖江江南新兴产业集中区,皖江江南新兴产业集中镇,皖江江南新兴产业集中区
SD,060,016,区,碧城工业区,碧城工业镇,碧城工业区
FJ,059,010,区,福建土楼（华安）旅游区,福建土楼（华安）旅游镇,福建土楼（华安）旅游区
HA,011,018,区,科技园区北区,科技园区北镇,科技园区北区
HA,011,019,区,科技园区南区,科技园区南镇,科技园区南区
LI,100,028,区,绥中飞地经济区,绥中飞地经济镇,绥中飞地经济区
LN,004,030,区,联港工业区,联港工业镇,联港工业区
LN,005,005,区,联港工业区,联港工业镇,联港工业区
JS,090,010,区,荣炳盐资源区,荣炳盐资源镇,荣炳盐资源区
SJ,009,014,区,莘庄工业区,莘庄工业镇,莘庄工业区
GD,074,018,区,莲花山白盆珠省级自然保护区,莲花山白盆珠省级自然保护镇,莲花山白盆珠省级自然保护区
JS,034,017,区,西太湖生态休闲区,西太湖生态休闲镇,西太湖生态休闲区
HE,068,015,区,西工区,西工镇,西工区
JS,080,020,区,西溪景区,西溪景镇,西溪景区
HI,053,014,区,观音湖生态文化旅游渡假区,观音湖生态文化旅游渡假镇,观音湖生态文化旅游渡假区
FJ,054,019,区,诏安金都工业集中区,诏安金都工业集中镇,诏安金都工业集中区
XJ,002,020,区,赛马场片区,赛马场片镇,赛马场片区
LI,060,006,区,辽宁自贸区营口片区,辽宁自贸区营口片镇,辽宁自贸区营口片区
XJ,022,020,区,迎宾街道片区,迎宾街道片镇,迎宾街道片区
GD,101,018,区,连山飞地经济区,连山飞地经济镇,连山飞地经济区
LI,097,018,区,连山飞地经济区,连山飞地经济镇,连山飞地经济区
SD,022,016,区,通济新经济区,通济新经济镇,通济新经济区
HE,001,178,区,郑州曲梁产业集聚区,郑州曲梁产业集聚镇,郑州曲梁产业集聚区
HE,011,019,区,郑州曲梁产业集聚区,郑州曲梁产业集聚镇,郑州曲梁产业集聚区
JL,013,021,区,金珠工业区,金珠工业镇,金珠工业区
TW,224,021,区,金珠工业区,金珠工业镇,金珠工业区
JL,046,027,区,长岭环城工业集中区,长岭环城工业集中镇,长岭环城工业集中区
SI,025,009,区,陕西省太白山旅游区,陕西省太白山旅游镇,陕西省太白山旅游区
RH,026,006,区,霍林郭勒市军马场生态保护区,霍林郭勒市军马场生态保护镇,霍林郭勒市军马场生态保护区
FJ,033,014,区,青山纸业工业区,青山纸业工业镇,青山纸业工业区
FJ,055,008,区,马洋溪生态旅游区,马洋溪生态旅游镇,马洋溪生态旅游区
JS,028,021,区,马陵山风景名胜区,马陵山风景名胜镇,马陵山风景名胜区
FJ,056,008,区,鹤岗市林业局生活区,鹤岗市林业局生活镇,鹤岗市林业局生活区
LJ,040,008,区,鹤岗市林业局生活区,鹤岗市林业局生活镇,鹤岗市林业局生活区
TW,082,008,区,鹤岗市林业局生活区,鹤岗市林业局生活镇,鹤岗市林业局生活区
HI,037,019,区,鹿门风景名胜区,鹿门风景名胜镇,鹿门风景名胜区
XJ,002,018,区,黑甲山片区,黑甲山片镇,黑甲山片区
LI,098,012,区,龙港飞地经济区,龙港飞地经济镇,龙港飞地经济区
ZJ,036,012,区,龙港飞地经济区,龙港飞地经济镇,龙港飞地经济区
LN,003,001,半岛,澳门半岛,澳门镇,澳门半岛
CL,012,015,原种场,原种场,原种场,原种场
HE,068,012,原种场,原种场,原种场,原种场
HU,093,027,原种场,原种场,原种场,原种场
JS,085,010,原种场,原种场,原种场,原种场
LJ,077,020,原种场,原种场,原种场,原种场
XJ,009,014,原种场,原种场,原种场,原种场
JL,054,025,原种场,市原种场,市镇,市原种场
JX,026,018,团,云山企业集团,云山企业集镇,云山企业集团
TS,006,008,团,兵团一三一团,兵团一三一镇,兵团一三一团
TS,023,010,团,兵团一三六团,兵团一三六镇,兵团一三六团
XJ,047,005,团,兵团一二九团,兵团一二九镇,兵团一二九团
XJ,047,003,团,兵团一二五团,兵团一二五镇,兵团一二五团
XJ,047,004,团,兵团一二八团,兵团一二八镇,兵团一二八团
XJ,038,008,团,兵团一五二团,兵团一五二镇,兵团一五二团
XJ,018,019,团,兵团一五零团,兵团一五零镇,兵团一五零团
XJ,031,018,团,兵团一八一团,兵团一八一镇,兵团一八一团
XJ,034,009,团,兵团一八二团,兵团一八二镇,兵团一八二团
XJ,035,008,团,兵团一八五团,兵团一八五镇,兵团一八五团
XJ,037,008,团,兵团一八六团,兵团一八六镇,兵团一八六团
XJ,018,016,团,兵团一四七团,兵团一四七镇,兵团一四七团
XJ,018,018,团,兵团一四九团,兵团一四九镇,兵团一四九团
XJ,018,017,团,兵团一四八团,兵团一四八镇,兵团一四八团
XJ,017,010,团,兵团一零五团,兵团一零五镇,兵团一零五团
XJ,017,011,团,兵团一零六团,兵团一零六镇,兵团一零六团
TS,011,014,团,兵团七十一团,兵团七十一镇,兵团七十一团
TS,012,014,团,兵团七十七团,兵团七十七镇,兵团七十七团
TS,010,011,团,兵团七十三团,兵团七十三镇,兵团七十三团
TS,014,013,团,兵团七十九团,兵团七十九镇,兵团七十九团
TS,011,015,团,兵团七十二团,兵团七十二镇,兵团七十二团
TS,012,012,团,兵团七十五团,兵团七十五镇,兵团七十五团
TS,013,010,团,兵团七十八团,兵团七十八镇,兵团七十八团
TS,012,013,团,兵团七十六团,兵团七十六镇,兵团七十六团
TS,012,011,团,兵团七十四团,兵团七十四镇,兵团七十四团
XJ,024,009,团,兵团三十一团,兵团三十一镇,兵团三十一团
XJ,024,010,团,兵团三十三团,兵团三十三镇,兵团三十三团
XJ,024,011,团,兵团三十四团,兵团三十四镇,兵团三十四团
TS,003,010,团,兵团九十一团,兵团九十一镇,兵团九十一团
XJ,009,015,团,兵团二二一团,兵团二二一镇,兵团二二一团
XJ,028,013,团,兵团二十一团,兵团二十一镇,兵团二十一团
XJ,030,008,团,兵团二十五团,兵团二十五镇,兵团二十五团
TS,004,009,团,兵团八十七团,兵团八十七镇,兵团八十七团
TS,003,009,团,兵团八十三团,兵团八十三镇,兵团八十三团
TS,004,010,团,兵团八十八团,兵团八十八镇,兵团八十八团
TS,007,006,团,兵团六十一团,兵团六十一镇,兵团六十一团
TS,007,007,团,兵团六十二团,兵团六十二镇,兵团六十二团
TS,019,012,团,兵团农九师一七零团,兵团农九师一七零镇,兵团农九师一七零团
TS,020,007,团,兵团农九师一六一团,兵团农九师一六一镇,兵团农九师一六一团
TS,017,020,团,兵团农九师一六七团,兵团农九师一六七镇,兵团农九师一六七团
TS,017,021,团,兵团农九师一六八团,兵团农九师一六八镇,兵团农九师一六八团
TS,017,019,团,兵团农九师一六六团,兵团农九师一六六镇,兵团农九师一六六团
XJ,003,019,团,兵团农十二师一零四团,兵团农十二师一零四镇,兵团农十二师一零四团
TS,015,011,团,兵团第九师一六二团,兵团第九师一六二镇,兵团第九师一六二团
HA,015,022,团,天津未来科技城宁河片区北淮淀组团,天津未来科技城宁河片区北淮淀组镇,天津未来科技城宁河片区北淮淀组团
HA,015,021,团,天津未来科技城宁河片区潘庄工业区组团,天津未来科技城宁河片区潘庄工业区组镇,天津未来科技城宁河片区潘庄工业区组团
HA,015,020,团,天津未来科技城宁河片区现代产业区组团,天津未来科技城宁河片区现代产业区组镇,天津未来科技城宁河片区现代产业区组团
JX,083,017,团,德胜企业集团,德胜企业集镇,德胜企业集团
JX,026,019,团,恒丰企业集团,恒丰企业集镇,恒丰企业集团
HI,001,080,团,武钢集团,武钢集镇,武钢集团
JS,069,015,团,淮化集团,淮化集镇,淮化集团
GS,001,027,团,甘肃农垦集团,甘肃农垦集镇,甘肃农垦集团
JX,022,009,团,茅山头企业集团,茅山头企业集镇,茅山头企业集团
HI,001,136,城,中法武汉生态示范城,中法武汉生态示范镇,中法武汉生态示范城
HI,011,015,城,中法武汉生态示范城,中法武汉生态示范镇,中法武汉生态示范城
HA,013,026,城,京津中关村科技城,京津中关村科技镇,京津中关村科技城
JS,007,015,城,南京仙林大学城,南京仙林大学镇,南京仙林大学城
SD,059,015,城,南京仙林大学城,南京仙林大学镇,南京仙林大学城
JX,001,021,城,南昌航空城,南昌航空镇,南昌航空城
JX,008,021,城,南昌航空城,南昌航空镇,南昌航空城
JX,021,012,城,庐山生态文化新城,庐山生态文化新镇,庐山生态文化新城
JS,100,011,城,新港城,新港镇,新港城
HA,024,019,城,曹妃甸新城,曹妃甸新镇,曹妃甸新城
ZJ,074,012,城,月湖新城,月湖新镇,月湖新城
JS,023,016,城,江苏淮海科技城,江苏淮海科技镇,江苏淮海科技城
JS,021,010,城,淮海食品城,淮海食品镇,淮海食品城
YN,115,010,城,淮海食品城,淮海食品镇,淮海食品城
JS,100,014,城,滨江新城,滨江新镇,滨江新城
JX,078,021,城,滨江新城,滨江新镇,滨江新城
ZJ,076,011,城,滨海工业城,滨海工业镇,滨海工业城
CL,015,015,城,疏附广州工业城,疏附广州工业镇,疏附广州工业城
LI,001,107,城,监狱城,监狱镇,监狱城
LI,010,011,城,监狱城,监狱镇,监狱城
JS,046,008,城,科教新城,科教新镇,科教新城
CL,002,015,城,纺织工业城,纺织工业镇,纺织工业城
HA,008,017,城,航空新城,航空新镇,航空新城
JS,039,013,城,苏州高铁新城,苏州高铁新镇,苏州高铁新城
ZJ,001,071,城,萧山商业城,萧山商业镇,萧山商业城
ZJ,006,024,城,萧山商业城,萧山商业镇,萧山商业城
ZJ,001,074,城,萧山钱江世纪城,萧山钱江世纪镇,萧山钱江世纪城
ZJ,006,027,城,萧山钱江世纪城,萧山钱江世纪镇,萧山钱江世纪城
BP,012,024,基地,中关村国家自主创新示范区大兴生物医药产业基地,中关村国家自主创新示范区大兴生物医药产业镇,中关村国家自主创新示范区大兴生物医药产业基地
GS,011,273,基地,中关村国家自主创新示范区大兴生物医药产业基地,中关村国家自主创新示范区大兴生物医药产业镇,中关村国家自主创新示范区大兴生物医药产业基地
YN,001,105,基地,云南省嵩明职业教育基地,云南省嵩明职业教育镇,云南省嵩明职业教育基地
YN,012,007,基地,云南省嵩明职业教育基地,云南省嵩明职业教育镇,云南省嵩明职业教育基地
HX,014,024,基地,十号基地,十号镇,十号基地
AH,043,011,基地,安徽精细化工产业有机合成基地,安徽精细化工产业有机合成镇,安徽精细化工产业有机合成基地
JL,047,018,基地,来字良种繁育基地,来字良种繁育镇,来字良种繁育基地
LI,060,007,基地,辽宁（营口）沿海产业基地,辽宁（营口）沿海产业镇,辽宁（营口）沿海产业基地
HX,020,010,基地,青海石油管理局生活基地,青海石油管理局生活镇,青海石油管理局生活基地
QH,023,012,委员会,海南州绿色产业发展园区管理区委员会,海南州绿色产业发展园区管理区镇,海南州绿色产业发展园区管理区委员会
HA,024,016,岛,唐山国际旅游岛,唐山国际旅游镇,唐山国际旅游岛
HN,011,001,岛,永暑岛,永暑镇,永暑岛
LN,001,001,岛,香港岛,香港镇,香港岛
AL,006,017,工业园区,工业园区,工业园区,工业园区
GD,044,015,工业园区,工业园区,工业园区,工业园区
HE,019,022,工业园区,工业园区,工业园区,工业园区
HE,156,023,工业园区,工业园区,工业园区,工业园区
HJ,026,021,工业园区,工业园区,工业园区,工业园区
LJ,001,252,工业园区,工业园区,工业园区,工业园区
LJ,014,020,工业园区,工业园区,工业园区,工业园区
ZS,010,056,工业园区,工业园区,工业园区,工业园区
ZS,017,019,工业园区,工业园区,工业园区,工业园区
JX,079,027,工程管理局,上游水库工程管理局,上游水库镇,上游水库工程管理局
SJ,014,019,度假区,佘山度假区,佘山镇,佘山度假区
HI,054,019,度假区,悟峰山度假区,悟峰山镇,悟峰山度假区
AH,050,008,开发区,开发区,开发区,开发区
GD,163,011,开发区,开发区,开发区,开发区
HI,001,081,开发区,开发区,开发区,开发区
HI,053,013,开发区,开发区,开发区,开发区
HI,057,016,开发区,开发区,开发区,开发区
HI,082,014,开发区,开发区,开发区,开发区
HJ,021,008,开发区,开发区,开发区,开发区
JS,038,019,开发区,开发区,开发区,开发区
JS,080,017,开发区,开发区,开发区,开发区
JS,085,016,开发区,开发区,开发区,开发区
JS,099,027,开发区,开发区,开发区,开发区
SX,024,008,开发区,开发区,开发区,开发区
TW,333,011,开发区,开发区,开发区,开发区
ZJ,030,017,开发区,开发区,开发区,开发区
JL,033,019,新村,东宝新村,东宝镇,东宝新村
JS,041,014,旅游度假区,东太湖生态旅游度假区,东太湖生态镇,东太湖生态旅游度假区
JS,044,015,旅游度假区,双山岛旅游度假区,双山岛镇,双山岛旅游度假区
JS,038,020,旅游度假区,国家苏州太湖旅游度假区,国家苏州太湖镇,国家苏州太湖旅游度假区
JS,053,017,旅游度假区,圆陀角旅游度假区,圆陀角镇,圆陀角旅游度假区
SD,024,014,旅游度假区,大沽河省级生态旅游度假区,大沽河省级生态镇,大沽河省级生态旅游度假区
JS,073,015,旅游度假区,大纵湖旅游度假区,大纵湖镇,大纵湖旅游度假区
JS,034,018,旅游度假区,太湖旅游度假区,太湖镇,太湖旅游度假区
GD,074,021,旅游度假区,巺寮滨海旅游度假区,巺寮滨海镇,巺寮滨海旅游度假区
AH,061,018,旅游度假区,旅游度假区,旅游度假区,旅游度假区
SD,060,017,旅游度假区,旅游度假区,旅游度假区,旅游度假区
JS,045,009,旅游度假区,昆山旅游度假区,昆山镇,昆山旅游度假区
YN,001,047,旅游度假区,昆明滇池国家旅游度假区,昆明滇池国家镇,昆明滇池国家旅游度假区
YN,005,011,旅游度假区,昆明滇池国家旅游度假区,昆明滇池国家镇,昆明滇池国家旅游度假区
JS,085,017,旅游度假区,枣林湾旅游度假区,枣林湾镇,枣林湾旅游度假区
JS,006,012,旅游度假区,珍珠泉旅游度假区,珍珠泉镇,珍珠泉旅游度假区
SD,022,017,旅游度假区,田横岛省级旅游度假区,田横岛省级镇,田横岛省级旅游度假区
JS,035,009,旅游度假区,茅山旅游度假区,茅山镇,茅山旅游度假区
JS,039,012,旅游度假区,阳澄湖生态休闲旅游度假区,阳澄湖生态休闲镇,阳澄湖生态休闲旅游度假区
JS,019,021,旅游度假区,阳羡旅游度假区,阳羡镇,阳羡旅游度假区
HU,102,011,旅游度假区,黄岩旅游度假区,黄岩镇,黄岩旅游度假区
HN,010,003,无后缀杂项,七连屿,七连屿,七连屿
HU,043,021,无后缀杂项,七里山园艺场,七里山园艺场,七里山园艺场
JX,080,036,无后缀杂项,七里岗垦殖场,七里岗垦殖场,七里岗垦殖场
RH,009,008,无后缀杂项,万寿滩良种场,万寿滩良种场,万寿滩良种场
JL,052,021,无后缀杂项,三家子种牛场,三家子种牛场,三家子种牛场
JS,055,021,无后缀杂项,三星镇（叠石桥家纺产业园区）,三星镇（叠石桥家纺产业园区）,三星镇（叠石桥家纺产业园区）
JX,030,017,无后缀杂项,上十岭综合垦殖场,上十岭综合垦殖场,上十岭综合垦殖场
JX,058,011,无后缀杂项,东固垦殖场,东固垦殖场,东固垦殖场
JS,041,013,无后缀杂项,东方丝绸市场,东方丝绸市场,东方丝绸市场
LJ,077,022,无后缀杂项,东湖水库管理站,东湖水库管理站,东湖水库管理站
HI,001,069,无后缀杂项,东湖风景区街道（武昌）,东湖风景区街道（武昌）,东湖风景区街道（武昌）
HI,006,015,无后缀杂项,东湖风景区街道（武昌）,东湖风景区街道（武昌）,东湖风景区街道（武昌）
HI,001,098,无后缀杂项,东湖风景区街道（洪山）,东湖风景区街道（洪山）,东湖风景区街道（洪山）
HI,008,017,无后缀杂项,东湖风景区街道（洪山）,东湖风景区街道（洪山）,东湖风景区街道（洪山）
GD,138,001,无后缀杂项,东莞生态园,东莞生态园,东莞生态园
SD,042,011,无后缀杂项,东营商贸园,东营商贸园,东营商贸园
SD,044,011,无后缀杂项,东营市现代畜牧业示范区类似乡级单位,东营市现代畜牧业示范区类似乡级单位,东营市现代畜牧业示范区类似乡级单位
FJ,001,186,无后缀杂项,东阁华侨,东阁华侨,东阁华侨
FJ,014,026,无后缀杂项,东阁华侨,东阁华侨,东阁华侨
JX,071,018,无后缀杂项,东风垦殖场,东风垦殖场,东风垦殖场
JL,055,029,无后缀杂项,东风马场,东风马场,东风马场
SC,025,029,无后缀杂项,东风马场,东风马场,东风马场
TW,006,029,无后缀杂项,东风马场,东风马场,东风马场
TW,121,029,无后缀杂项,东风马场,东风马场,东风马场
BP,015,021,无后缀杂项,中关村科技园区密云园,中关村科技园区密云园,中关村科技园区密云园
GS,011,331,无后缀杂项,中关村科技园区密云园,中关村科技园区密云园,中关村科技园区密云园
NX,021,012,无后缀杂项,中卫山羊选育场,中卫山羊选育场,中卫山羊选育场
SJ,012,040,无后缀杂项,中国（上海）自由贸易试验区（保税片区）,中国（上海）自由贸易试验区（保税片区）,中国（上海）自由贸易试验区（保税片区）
JS,008,009,无后缀杂项,中国（南京）软件谷,中国（南京）软件谷,中国（南京）软件谷
HX,001,078,无后缀杂项,中牧公司山丹马场,中牧公司山丹马场,中牧公司山丹马场
HX,013,010,无后缀杂项,中牧公司山丹马场,中牧公司山丹马场,中牧公司山丹马场
LJ,049,013,无后缀杂项,乐园良种场,乐园良种场,乐园良种场
LJ,069,016,无后缀杂项,九三管理局局直,九三管理局局直,九三管理局局直
HX,004,047,无后缀杂项,九墩滩生态建设指挥部,九墩滩生态建设指挥部,九墩滩生态建设指挥部
AH,057,024,无后缀杂项,九成监狱管理分局,九成监狱管理分局,九成监狱管理分局
JL,051,017,无后缀杂项,九龙山马场,九龙山马场,九龙山马场
JL,047,017,无后缀杂项,乾安鹿场,乾安鹿场,乾安鹿场
LJ,068,024,无后缀杂项,二龙山蚕种场,二龙山蚕种场,二龙山蚕种场
JX,010,023,无后缀杂项,五里垦殖场,五里垦殖场,五里垦殖场
JX,016,013,无后缀杂项,五陂下垦殖场,五陂下垦殖场,五陂下垦殖场
JX,064,023,无后缀杂项,井冈山机场,井冈山机场,井冈山机场
HA,012,037,无后缀杂项,京津高村科技创新园,京津高村科技创新园,京津高村科技创新园
JS,007,020,无后缀杂项,仙林智谷,仙林智谷,仙林智谷
SD,059,020,无后缀杂项,仙林智谷,仙林智谷,仙林智谷
HE,022,017,无后缀杂项,仪封园艺场,仪封园艺场,仪封园艺场
JX,037,016,无后缀杂项,余江区邓原农业示范园,余江区邓原农业示范园,余江区邓原农业示范园
JX,098,028,无后缀杂项,信丰垦殖场,信丰垦殖场,信丰垦殖场
LJ,032,021,无后缀杂项,克山县种猪场,克山县种猪场,克山县种猪场
LJ,032,019,无后缀杂项,克山县第一良种场,克山县第一良种场,克山县第一良种场
LJ,032,020,无后缀杂项,克山县第二良种场,克山县第二良种场,克山县第二良种场
JX,026,020,无后缀杂项,八角岭垦殖场,八角岭垦殖场,八角岭垦殖场
HA,024,014,无后缀杂项,八里滩养殖场,八里滩养殖场,八里滩养殖场
JL,001,228,无后缀杂项,公主岭市种猪场,公主岭市种猪场,公主岭市种猪场
JL,025,033,无后缀杂项,公主岭市种猪场,公主岭市种猪场,公主岭市种猪场
LJ,035,026,无后缀杂项,六合镇黎明奶牛场,六合镇黎明奶牛场,六合镇黎明奶牛场
TS,023,009,无后缀杂项,兵团一二九团分部,兵团一二九团分部,兵团一二九团分部
XJ,034,010,无后缀杂项,兵团一八三团分部,兵团一八三团分部,兵团一八三团分部
XJ,034,011,无后缀杂项,兵团一八八团分部,兵团一八八团分部,兵团一八八团分部
TS,001,012,无后缀杂项,兵团八十六团分部,兵团八十六团分部,兵团八十六团分部
TS,009,011,无后缀杂项,兵团六十六团分部,兵团六十六团分部,兵团六十六团分部
XJ,008,016,无后缀杂项,兵团梧桐镇分部,兵团梧桐镇分部,兵团梧桐镇分部
TW,090,023,无后缀杂项,兵团第十二师养禽场,兵团第十二师养禽场,兵团第十二师养禽场
XJ,004,023,无后缀杂项,兵团第十二师养禽场,兵团第十二师养禽场,兵团第十二师养禽场
XJ,012,028,无后缀杂项,兵团红星二场,兵团红星二场,兵团红星二场
XJ,012,029,无后缀杂项,兵团红星四场,兵团红星四场,兵团红星四场
XJ,017,012,无后缀杂项,兵团芳草湖总场,兵团芳草湖总场,兵团芳草湖总场
XJ,015,020,无后缀杂项,兵团蔡家湖镇分部,兵团蔡家湖镇分部,兵团蔡家湖镇分部
HE,001,192,无后缀杂项,具茨山国家级森林公园,具茨山国家级森林公园,具茨山国家级森林公园
HE,012,014,无后缀杂项,具茨山国家级森林公园,具茨山国家级森林公园,具茨山国家级森林公园
XA,019,014,无后缀杂项,内蒙古自治区图牧吉强制隔离戒毒所,内蒙古自治区图牧吉强制隔离戒毒所,内蒙古自治区图牧吉强制隔离戒毒所
XA,019,015,无后缀杂项,内蒙古自治区监狱管理局东部分局,内蒙古自治区监狱管理局东部分局,内蒙古自治区监狱管理局东部分局
JX,015,019,无后缀杂项,农业高新园,农业高新园,农业高新园
JS,101,020,无后缀杂项,农产品加工园,农产品加工园,农产品加工园
JX,071,019,无后缀杂项,农牧渔良种场,农牧渔良种场,农牧渔良种场
HE,072,017,无后缀杂项,农科所,农科所,农科所
JX,099,031,无后缀杂项,农科所,农科所,农科所
CL,019,042,无后缀杂项,农科院莎车农业试验站,农科院莎车农业试验站,农科院莎车农业试验站
HJ,019,005,无后缀杂项,前进区农垦,前进区农垦,前进区农垦
JL,045,032,无后缀杂项,前郭尔罗斯蒙古族自治县国有林总场,前郭尔罗斯蒙古族自治县国有林总场,前郭尔罗斯蒙古族自治县国有林总场
HI,043,013,无后缀杂项,劳教所,劳教所,劳教所
HE,048,015,无后缀杂项,北大街综合治理办公室,北大街综合治理办公室,北大街综合治理办公室
LJ,067,017,无后缀杂项,北安管理局局直,北安管理局局直,北安管理局局直
JX,037,017,无后缀杂项,区生态林场总场,区生态林场总场,区生态林场总场
XJ,006,015,无后缀杂项,区直辖村级区划,区直辖村级区划,区直辖村级区划
JL,001,229,无后缀杂项,十屋种牛场,十屋种牛场,十屋种牛场
JL,025,034,无后缀杂项,十屋种牛场,十屋种牛场,十屋种牛场
HA,024,015,无后缀杂项,十里海养殖场,十里海养殖场,十里海养殖场
AH,057,025,无后缀杂项,华阳河农场总场,华阳河农场总场,华阳河农场总场
HN,014,013,无后缀杂项,南丰县长红垦殖场,南丰县长红垦殖场,南丰县长红垦殖场
JX,084,013,无后缀杂项,南丰县长红垦殖场,南丰县长红垦殖场,南丰县长红垦殖场
JS,007,018,无后缀杂项,南京紫东国际创意园,南京紫东国际创意园,南京紫东国际创意园
SD,059,018,无后缀杂项,南京紫东国际创意园,南京紫东国际创意园,南京紫东国际创意园
JS,007,012,无后缀杂项,南京龙潭物流园,南京龙潭物流园,南京龙潭物流园
SD,059,012,无后缀杂项,南京龙潭物流园,南京龙潭物流园,南京龙潭物流园
HI,056,017,无后缀杂项,南垸良种场,南垸良种场,南垸良种场
JS,007,017,无后缀杂项,南大科学园,南大科学园,南大科学园
SD,059,017,无后缀杂项,南大科学园,南大科学园,南大科学园
FJ,053,023,无后缀杂项,南山华侨茶果场,南山华侨茶果场,南山华侨茶果场
GD,096,022,无后缀杂项,南山矿,南山矿,南山矿
LJ,001,045,无后缀杂项,南岗区农垦,南岗区农垦,南岗区农垦
LJ,003,022,无后缀杂项,南岗区农垦,南岗区农垦,南岗区农垦
NX,001,049,无后缀杂项,南梁台子,南梁台子,南梁台子
NX,006,007,无后缀杂项,南梁台子,南梁台子,南梁台子
JS,055,016,无后缀杂项,南通市海门区农科所,南通市海门区农科所,南通市海门区农科所
JS,055,010,无后缀杂项,南通市海门区畜禽良种场,南通市海门区畜禽良种场,南通市海门区畜禽良种场
JS,055,011,无后缀杂项,南通市海门区种羊场,南通市海门区种羊场,南通市海门区种羊场
JS,055,017,无后缀杂项,南通市海门区财政局芦荡管理所,南通市海门区财政局芦荡管理所,南通市海门区财政局芦荡管理所
JS,055,013,无后缀杂项,南通市海门区长江芦荡养殖场,南通市海门区长江芦荡养殖场,南通市海门区长江芦荡养殖场
HE,120,028,无后缀杂项,南阳市黄牛良种繁育场,南阳市黄牛良种繁育场,南阳市黄牛良种繁育场
CL,015,012,无后缀杂项,县园艺场,县园艺场,县园艺场
HN,028,005,无后缀杂项,县直辖村级区划,县直辖村级区划,县直辖村级区划
HN,041,007,无后缀杂项,县直辖村级区划,县直辖村级区划,县直辖村级区划
LJ,075,018,无后缀杂项,县联社马场,县联社马场,县联社马场
CL,015,014,无后缀杂项,县良种场,县良种场,县良种场
JX,098,023,无后缀杂项,县良种场,县良种场,县良种场
GD,168,023,无后缀杂项,县苗圃场,县苗圃场,县苗圃场
HJ,016,019,无后缀杂项,双鸭山林业局七星河金矿,双鸭山林业局七星河金矿,双鸭山林业局七星河金矿
HJ,016,011,无后缀杂项,双鸭山林业局上游经营所,双鸭山林业局上游经营所,双鸭山林业局上游经营所
HJ,016,012,无后缀杂项,双鸭山林业局南瓮泉经营所,双鸭山林业局南瓮泉经营所,双鸭山林业局南瓮泉经营所
HJ,016,018,无后缀杂项,双鸭山林业局宝石经营所,双鸭山林业局宝石经营所,双鸭山林业局宝石经营所
JS,073,016,无后缀杂项,台湾农民创业园,台湾农民创业园,台湾农民创业园
AH,001,085,无后缀杂项,合肥循环经济示范园,合肥循环经济示范园,合肥循环经济示范园
AH,007,020,无后缀杂项,合肥循环经济示范园,合肥循环经济示范园,合肥循环经济示范园
HN,007,001,无后缀杂项,吉阳区直辖村级区划,吉阳区直辖村级区划,吉阳区直辖村级区划
HI,078,014,无后缀杂项,向阳湖奶牛良种场,向阳湖奶牛良种场,向阳湖奶牛良种场
HI,001,099,无后缀杂项,吴家山街,吴家山街,吴家山街
HI,009,001,无后缀杂项,吴家山街,吴家山街,吴家山街
XA,001,147,无后缀杂项,呼伦贝尔农垦三河农牧场有限公司,呼伦贝尔农垦三河农牧场有限公司,呼伦贝尔农垦三河农牧场有限公司
XA,013,011,无后缀杂项,呼伦贝尔农垦三河农牧场有限公司,呼伦贝尔农垦三河农牧场有限公司,呼伦贝尔农垦三河农牧场有限公司
XA,001,148,无后缀杂项,呼伦贝尔农垦上库力农牧场有限公司,呼伦贝尔农垦上库力农牧场有限公司,呼伦贝尔农垦上库力农牧场有限公司
XA,013,012,无后缀杂项,呼伦贝尔农垦上库力农牧场有限公司,呼伦贝尔农垦上库力农牧场有限公司,呼伦贝尔农垦上库力农牧场有限公司
XA,001,146,无后缀杂项,呼伦贝尔农垦拉布大林农牧场有限公司,呼伦贝尔农垦拉布大林农牧场有限公司,呼伦贝尔农垦拉布大林农牧场有限公司
XA,013,010,无后缀杂项,呼伦贝尔农垦拉布大林农牧场有限公司,呼伦贝尔农垦拉布大林农牧场有限公司,呼伦贝尔农垦拉布大林农牧场有限公司
XA,001,149,无后缀杂项,呼伦贝尔农垦苏沁农牧场有限公司,呼伦贝尔农垦苏沁农牧场有限公司,呼伦贝尔农垦苏沁农牧场有限公司
XA,013,013,无后缀杂项,呼伦贝尔农垦苏沁农牧场有限公司,呼伦贝尔农垦苏沁农牧场有限公司,呼伦贝尔农垦苏沁农牧场有限公司
LJ,001,146,无后缀杂项,呼兰农垦,呼兰农垦,呼兰农垦
LJ,008,027,无后缀杂项,呼兰农垦,呼兰农垦,呼兰农垦
XA,015,015,无后缀杂项,呼和马场,呼和马场,呼和马场
XJ,017,009,无后缀杂项,呼图壁种牛场,呼图壁种牛场,呼图壁种牛场
JL,045,038,无后缀杂项,哈拉毛都良种场,哈拉毛都良种场,哈拉毛都良种场
SI,081,026,无后缀杂项,商洛职业技术学院,商洛职业技术学院,商洛职业技术学院
SC,132,023,无后缀杂项,四川大堰劳动教养管理所,四川大堰劳动教养管理所,四川大堰劳动教养管理所
SC,048,015,无后缀杂项,四川省新华劳动教育管理所,四川省新华劳动教育管理所,四川省新华劳动教育管理所
JL,001,227,无后缀杂项,四平农科院,四平农科院,四平农科院
JL,025,032,无后缀杂项,四平农科院,四平农科院,四平农科院
CL,021,012,无后缀杂项,园艺场,园艺场,园艺场
HE,068,013,无后缀杂项,园艺场,园艺场,园艺场
HX,001,057,无后缀杂项,园艺场,园艺场,园艺场
HX,011,012,无后缀杂项,园艺场,园艺场,园艺场
XJ,010,012,无后缀杂项,园艺场,园艺场,园艺场
JS,085,012,无后缀杂项,园艺试验场,园艺试验场,园艺试验场
HE,022,022,无后缀杂项,固阳农科所,固阳农科所,固阳农科所
JX,009,012,无后缀杂项,国营万埠垦殖场,国营万埠垦殖场,国营万埠垦殖场
HE,110,020,无后缀杂项,国营东风机械厂,国营东风机械厂,国营东风机械厂
HN,040,012,无后缀杂项,国营吊罗山林业公司,国营吊罗山林业公司,国营吊罗山林业公司
HN,039,012,无后缀杂项,国营尖峰岭林业公司,国营尖峰岭林业公司,国营尖峰岭林业公司
LJ,075,021,无后缀杂项,国营第一良种,国营第一良种,国营第一良种
LJ,075,023,无后缀杂项,国营第三良种,国营第三良种,国营第三良种
LJ,075,022,无后缀杂项,国营第二良种,国营第二良种,国营第二良种
LJ,051,011,无后缀杂项,国营苇场,国营苇场,国营苇场
HE,110,021,无后缀杂项,国营长江机械厂,国营长江机械厂,国营长江机械厂
SI,055,007,无后缀杂项,国营陕西华山企业公司,国营陕西华山企业公司,国营陕西华山企业公司
JX,062,016,无后缀杂项,地质大队,地质大队,地质大队
SD,044,010,无后缀杂项,垦东类似乡级单位,垦东类似乡级单位,垦东类似乡级单位
HB,091,011,无后缀杂项,城关街道筹备处,城关街道筹备处,城关街道筹备处
JS,100,010,无后缀杂项,城南,城南,城南
JS,086,012,无后缀杂项,城南经济新区（车逻镇）,城南经济新区（车逻镇）,城南经济新区（车逻镇）
JX,038,026,无后缀杂项,塔桥园艺场,塔桥园艺场,塔桥园艺场
LJ,069,015,无后缀杂项,多宝山铜矿,多宝山铜矿,多宝山铜矿
BP,012,026,无后缀杂项,大兴国际机场,大兴国际机场,大兴国际机场
GS,011,275,无后缀杂项,大兴国际机场,大兴国际机场,大兴国际机场
JL,055,024,无后缀杂项,大安经济开发区（省级）,大安经济开发区（省级）,大安经济开发区（省级）
SC,025,024,无后缀杂项,大安经济开发区（省级）,大安经济开发区（省级）,大安经济开发区（省级）
TW,006,024,无后缀杂项,大安经济开发区（省级）,大安经济开发区（省级）,大安经济开发区（省级）
TW,121,024,无后缀杂项,大安经济开发区（省级）,大安经济开发区（省级）,大安经济开发区（省级）
JL,055,031,无后缀杂项,大安马场,大安马场,大安马场
SC,025,031,无后缀杂项,大安马场,大安马场,大安马场
TW,006,031,无后缀杂项,大安马场,大安马场,大安马场
TW,121,031,无后缀杂项,大安马场,大安马场,大安马场
LJ,052,013,无后缀杂项,大山种羊场,大山种羊场,大山种羊场
LJ,064,029,无后缀杂项,大新屯储木场,大新屯储木场,大新屯储木场
LI,064,018,无后缀杂项,大石桥市水稻良种场,大石桥市水稻良种场,大石桥市水稻良种场
LI,064,019,无后缀杂项,大石桥市示范场,大石桥市示范场,大石桥市示范场
LI,019,011,无后缀杂项,大连奶牛场,大连奶牛场,大连奶牛场
HA,012,036,无后缀杂项,天津京津科技谷,天津京津科技谷,天津京津科技谷
HA,014,022,无后缀杂项,天津经济技术开发区（其他片区）,天津经济技术开发区（其他片区）,天津经济技术开发区（其他片区）
HN,008,001,无后缀杂项,天涯区直辖村级区划,天涯区直辖村级区划,天涯区直辖村级区划
HX,007,020,无后缀杂项,天祝建材厂,天祝建材厂,天祝建材厂
HX,007,021,无后缀杂项,天祝煤电公司,天祝煤电公司,天祝煤电公司
HI,051,016,无后缀杂项,太子山,太子山,太子山
LJ,001,282,无后缀杂项,太平川,太平川,太平川
LJ,017,010,无后缀杂项,太平川,太平川,太平川
JX,030,019,无后缀杂项,太泊湖水产养殖场,太泊湖水产养殖场,太泊湖水产养殖场
JS,003,013,无后缀杂项,夫子庙秦淮风光带,夫子庙秦淮风光带,夫子庙秦淮风光带
LJ,064,035,无后缀杂项,奶牛场,奶牛场,奶牛场
JS,054,021,无后缀杂项,如皋市中心沙水产养殖场,如皋市中心沙水产养殖场,如皋市中心沙水产养殖场
JS,054,019,无后缀杂项,如皋市农科所,如皋市农科所,如皋市农科所
JS,054,020,无后缀杂项,如皋市江滨医院,如皋市江滨医院,如皋市江滨医院
JS,054,018,无后缀杂项,如皋市种猪场,如皋市种猪场,如皋市种猪场
JS,054,017,无后缀杂项,如皋市良种场,如皋市良种场,如皋市良种场
JS,054,016,无后缀杂项,如皋市蚕种场,如皋市蚕种场,如皋市蚕种场
LJ,035,027,无后缀杂项,孔国乡进化种猪场,孔国乡进化种猪场,孔国乡进化种猪场
JS,066,017,无后缀杂项,宁连路办,宁连路办,宁连路办
JL,063,015,无后缀杂项,安图林业有限公司,安图林业有限公司,安图林业有限公司
JL,055,032,无后缀杂项,安广猪场,安广猪场,安广猪场
SC,025,032,无后缀杂项,安广猪场,安广猪场,安广猪场
TW,006,032,无后缀杂项,安广猪场,安广猪场,安广猪场
TW,121,032,无后缀杂项,安广猪场,安广猪场,安广猪场
AH,043,012,无后缀杂项,安徽和县台湾农民创业园,安徽和县台湾农民创业园,安徽和县台湾农民创业园
HI,076,020,无后缀杂项,宋埠良种场,宋埠良种场,宋埠良种场
RH,007,010,无后缀杂项,宝格达乌拉总场,宝格达乌拉总场,宝格达乌拉总场
LJ,042,011,无后缀杂项,宝泉岭管理局局直,宝泉岭管理局局直,宝泉岭管理局局直
HJ,026,019,无后缀杂项,富锦市国营果树示范场,富锦市国营果树示范场,富锦市国营果树示范场
HJ,026,020,无后缀杂项,富锦市科研所,富锦市科研所,富锦市科研所
KL,001,010,无后缀杂项,察尔汗工行委,察尔汗工行委,察尔汗工行委
GX,053,014,无后缀杂项,小峰经济作物场,小峰经济作物场,小峰经济作物场
HX,001,056,无后缀杂项,小泉子治沙站,小泉子治沙站,小泉子治沙站
HX,011,011,无后缀杂项,小泉子治沙站,小泉子治沙站,小泉子治沙站
HJ,038,015,无后缀杂项,山市种奶牛场,山市种奶牛场,山市种奶牛场
SX,074,013,无后缀杂项,山西省永济董村强制隔离戒毒所,山西省永济董村强制隔离戒毒所,山西省永济董村强制隔离戒毒所
SX,074,012,无后缀杂项,山西省永济虞乡强制隔离戒毒所,山西省永济虞乡强制隔离戒毒所,山西省永济虞乡强制隔离戒毒所
SX,075,010,无后缀杂项,山西铝厂,山西铝厂,山西铝厂
HN,009,001,无后缀杂项,崖州区直辖村级区划,崖州区直辖村级区划,崖州区直辖村级区划
HT,043,010,无后缀杂项,巴彦淖尔农垦建沣农场有限公司,巴彦淖尔农垦建沣农场有限公司,巴彦淖尔农垦建沣农场有限公司
HT,045,012,无后缀杂项,巴彦淖尔市中滩农场有限公司,巴彦淖尔市中滩农场有限公司,巴彦淖尔市中滩农场有限公司
HT,042,022,无后缀杂项,巴彦淖尔市临农农牧业发展有限公司,巴彦淖尔市临农农牧业发展有限公司,巴彦淖尔市临农农牧业发展有限公司
HT,045,016,无后缀杂项,巴彦淖尔市大佘太牧场有限公司,巴彦淖尔市大佘太牧场有限公司,巴彦淖尔市大佘太牧场有限公司
HT,045,014,无后缀杂项,巴彦淖尔市新安农场有限公司,巴彦淖尔市新安农场有限公司,巴彦淖尔市新安农场有限公司
HT,046,011,无后缀杂项,巴彦淖尔市牧洋海牧场有限公司,巴彦淖尔市牧洋海牧场有限公司,巴彦淖尔市牧洋海牧场有限公司
HT,042,021,无后缀杂项,巴彦淖尔市狼山农场农牧业发展有限公司,巴彦淖尔市狼山农场农牧业发展有限公司,巴彦淖尔市狼山农场农牧业发展有限公司
HT,045,015,无后缀杂项,巴彦淖尔市苏独隆农场有限公司,巴彦淖尔市苏独隆农场有限公司,巴彦淖尔市苏独隆农场有限公司
HT,045,013,无后缀杂项,巴彦淖尔市西山嘴农场有限公司,巴彦淖尔市西山嘴农场有限公司,巴彦淖尔市西山嘴农场有限公司
JS,101,018,无后缀杂项,市农科所,市农科所,市农科所
HJ,001,025,无后缀杂项,市良种场,市良种场,市良种场
JX,071,017,无后缀杂项,干洲垦殖场,干洲垦殖场,干洲垦殖场
LJ,001,085,无后缀杂项,平房农垦,平房农垦,平房农垦
LJ,005,011,无后缀杂项,平房农垦,平房农垦,平房农垦
GX,083,013,无后缀杂项,平果铝,平果铝,平果铝
JX,021,011,无后缀杂项,庐山林科所,庐山林科所,庐山林科所
AH,001,123,无后缀杂项,庐江化工园,庐江化工园,庐江化工园
AH,009,024,无后缀杂项,庐江化工园,庐江化工园,庐江化工园
AH,001,024,无后缀杂项,庐阳工业区（林店街道）,庐阳工业区（林店街道）,庐阳工业区（林店街道）
AH,003,011,无后缀杂项,庐阳工业区（林店街道）,庐阳工业区（林店街道）,庐阳工业区（林店街道）
JX,098,025,无后缀杂项,康山垦总场,康山垦总场,康山垦总场
HJ,026,022,无后缀杂项,建三江管理局局直,建三江管理局局直,建三江管理局局直
JX,030,014,无后缀杂项,建筑材料厂,建筑材料厂,建筑材料厂
SD,044,008,无后缀杂项,开发区类似乡级单位,开发区类似乡级单位,开发区类似乡级单位
GX,075,013,无后缀杂项,德保铝业,德保铝业,德保铝业
AH,064,005,无后缀杂项,徽州区直辖村级区划,徽州区直辖村级区划,徽州区直辖村级区划
LJ,043,012,无后缀杂项,忠仁镇良种场,忠仁镇良种场,忠仁镇良种场
JX,006,025,无后缀杂项,恒湖垦殖场,恒湖垦殖场,恒湖垦殖场
GD,074,020,无后缀杂项,惠东县珠三角产业转移园,惠东县珠三角产业转移园,惠东县珠三角产业转移园
JX,006,026,无后缀杂项,成新实业有限公司,成新实业有限公司,成新实业有限公司
HU,016,019,无后缀杂项,攸县网岭循环经济园,攸县网岭循环经济园,攸县网岭循环经济园
JL,058,025,无后缀杂项,敖东鹿场,敖东鹿场,敖东鹿场
JL,052,022,无后缀杂项,新华牛场,新华牛场,新华牛场
JS,003,015,无后缀杂项,新城发展服务,新城发展服务,新城发展服务
JX,023,015,无后缀杂项,新洲垦殖场,新洲垦殖场,新洲垦殖场
LN,002,001,无后缀杂项,新界,新界,新界
XJ,018,014,无后缀杂项,新疆农业科学院玛纳斯县试验站,新疆农业科学院玛纳斯县试验站,新疆农业科学院玛纳斯县试验站
LJ,050,018,无后缀杂项,新立良种繁育场,新立良种繁育场,新立良种繁育场
XJ,015,018,无后缀杂项,昌吉市北部荒漠生态保护管理站,昌吉市北部荒漠生态保护管理站,昌吉市北部荒漠生态保护管理站
SI,086,017,无后缀杂项,木王林厂,木王林厂,木王林厂
JX,006,027,无后缀杂项,朱港实业有限公司,朱港实业有限公司,朱港实业有限公司
RH,001,049,无后缀杂项,松城街道筹备处,松城街道筹备处,松城街道筹备处
TW,005,022,无后缀杂项,松城街道筹备处,松城街道筹备处,松城街道筹备处
GD,126,001,无后缀杂项,松山湖,松山湖,松山湖
JS,097,017,无后缀杂项,林业站,林业站,林业站
HJ,001,018,无后缀杂项,林草局,林草局,林草局
LJ,029,012,无后缀杂项,果树场,果树场,果树场
HJ,014,020,无后缀杂项,果树示范场,果树示范场,果树示范场
LJ,050,020,无后缀杂项,果树示范场,果树示范场,果树示范场
LJ,033,014,无后缀杂项,果树繁殖场,果树繁殖场,果树繁殖场
HN,038,010,无后缀杂项,枫树山总场,枫树山总场,枫树山总场
JX,012,010,无后缀杂项,枫树山总场,枫树山总场,枫树山总场
HJ,001,026,无后缀杂项,校办企业公司,校办企业公司,校办企业公司
KL,001,011,无后缀杂项,格尔木农垦有限公司,格尔木农垦有限公司,格尔木农垦有限公司
HI,001,134,无后缀杂项,桐湖,桐湖,桐湖
HI,011,013,无后缀杂项,桐湖,桐湖,桐湖
SD,001,137,无后缀杂项,棋山国家森林公园,棋山国家森林公园,棋山国家森林公园
SD,011,006,无后缀杂项,棋山国家森林公园,棋山国家森林公园,棋山国家森林公园
HE,048,014,无后缀杂项,步行街综合治理办公室,步行街综合治理办公室,步行街综合治理办公室
JX,064,025,无后缀杂项,武山垦殖场,武山垦殖场,武山垦殖场
SI,081,027,无后缀杂项,氟化硅产业业园,氟化硅产业业园,氟化硅产业业园
JX,030,015,无后缀杂项,水产养殖场,水产养殖场,水产养殖场
HJ,001,022,无后缀杂项,水产养殖有限公司,水产养殖有限公司,水产养殖有限公司
AH,096,032,无后缀杂项,水产局管辖村,水产局管辖村,水产局管辖村
JX,037,018,无后缀杂项,水产良种场,水产良种场,水产良种场
JS,085,013,无后缀杂项,水产试验场,水产试验场,水产试验场
HJ,001,024,无后缀杂项,水田良种场,水田良种场,水田良种场
HN,010,002,无后缀杂项,永乐,永乐,永乐
HN,010,001,无后缀杂项,永兴,永兴,永兴
HI,058,026,无后缀杂项,汈汊湖养殖场,汈汊湖养殖场,汈汊湖养殖场
JS,007,016,无后缀杂项,江苏生命科技创新园,江苏生命科技创新园,江苏生命科技创新园
SD,059,016,无后缀杂项,江苏生命科技创新园,江苏生命科技创新园,江苏生命科技创新园
JS,038,015,无后缀杂项,江苏省太湖采石公司,江苏省太湖采石公司,江苏省太湖采石公司
JX,079,025,无后缀杂项,江西新茂实业公司,江西新茂实业公司,江西新茂实业公司
JX,006,030,无后缀杂项,江西桑海集团有限公司,江西桑海集团有限公司,江西桑海集团有限公司
JX,001,024,无后缀杂项,江西省良种繁殖场,江西省良种繁殖场,江西省良种繁殖场
JX,008,024,无后缀杂项,江西省良种繁殖场,江西省良种繁殖场,江西省良种繁殖场
FJ,001,185,无后缀杂项,江镜华侨,江镜华侨,江镜华侨
FJ,014,025,无后缀杂项,江镜华侨,江镜华侨,江镜华侨
HE,110,018,无后缀杂项,河南向东机械厂,河南向东机械厂,河南向东机械厂
HE,110,019,无后缀杂项,河南红宇机械厂,河南红宇机械厂,河南红宇机械厂
HE,110,017,无后缀杂项,河南红阳机械厂,河南红阳机械厂,河南红阳机械厂
GS,074,009,无后缀杂项,河曲马场,河曲马场,河曲马场
JX,038,027,无后缀杂项,河潭埠垦殖场,河潭埠垦殖场,河潭埠垦殖场
AH,090,019,无后缀杂项,泗县开发区管委会（泗县当涂现代产业园）,泗县开发区管委会（泗县当涂现代产业园）,泗县开发区管委会（泗县当涂现代产业园）
CL,018,014,无后缀杂项,泽普县良种场,泽普县良种场,泽普县良种场
JS,037,006,无后缀杂项,浒墅关经开区（镇）,浒墅关经开区（镇）,浒墅关经开区（镇）
LJ,079,028,无后缀杂项,海伦市董家农作物种植场,海伦市董家农作物种植场,海伦市董家农作物种植场
HN,042,011,无后缀杂项,海南热带雨林国家公园管理局黎母山分局,海南热带雨林国家公园管理局黎母山分局,海南热带雨林国家公园管理局黎母山分局
HN,001,045,无后缀杂项,海口桂林洋经济开发区（农场）,海口桂林洋经济开发区（农场）,海口桂林洋经济开发区（农场）
HN,005,014,无后缀杂项,海口桂林洋经济开发区（农场）,海口桂林洋经济开发区（农场）,海口桂林洋经济开发区（农场）
HN,006,001,无后缀杂项,海棠区直辖村级区划,海棠区直辖村级区划,海棠区直辖村级区划
LJ,078,027,无后缀杂项,涝洲鱼种场,涝洲鱼种场,涝洲鱼种场
HB,066,016,无后缀杂项,涞水县城区社区管理办公室,涞水县城区社区管理办公室,涞水县城区社区管理办公室
GD,026,011,无后缀杂项,深圳市宝安国际机场,深圳市宝安国际机场,深圳市宝安国际机场
JS,097,018,无后缀杂项,渔业社,渔业社,渔业社
JX,098,022,无后缀杂项,渔池湖水产场,渔池湖水产场,渔池湖水产场
HE,107,016,无后缀杂项,灵宝市园艺场,灵宝市园艺场,灵宝市园艺场
HJ,001,020,无后缀杂项,煤管局,煤管局,煤管局
TS,010,009,无后缀杂项,牛场,牛场,牛场
JS,019,019,无后缀杂项,环科园,环科园,环科园
GS,001,028,无后缀杂项,甘肃监狱企业集团公司,甘肃监狱企业集团公司,甘肃监狱企业集团公司
HX,001,033,无后缀杂项,甘肃省绵羊育种场,甘肃省绵羊育种场,甘肃省绵羊育种场
HX,009,009,无后缀杂项,甘肃省绵羊育种场,甘肃省绵羊育种场,甘肃省绵羊育种场
HI,095,024,无后缀杂项,畜禽良种场,畜禽良种场,畜禽良种场
JX,069,019,无后缀杂项,白石垦殖场,白石垦殖场,白石垦殖场
HI,001,017,无后缀杂项,百步亭花园,百步亭花园,百步亭花园
HI,002,017,无后缀杂项,百步亭花园,百步亭花园,百步亭花园
JX,079,026,无后缀杂项,相城垦殖场,相城垦殖场,相城垦殖场
GD,040,008,无后缀杂项,省三水劳教所,省三水劳教所,省三水劳教所
GD,149,008,无后缀杂项,省三水劳教所,省三水劳教所,省三水劳教所
GD,040,009,无后缀杂项,省南丰劳教所,省南丰劳教所,省南丰劳教所
GD,149,009,无后缀杂项,省南丰劳教所,省南丰劳教所,省南丰劳教所
JL,001,226,无后缀杂项,省原种繁殖场,省原种繁殖场,省原种繁殖场
JL,025,031,无后缀杂项,省原种繁殖场,省原种繁殖场,省原种繁殖场
JX,078,022,无后缀杂项,省双金园艺场,省双金园艺场,省双金园艺场
FJ,018,008,无后缀杂项,省天马种猪场,省天马种猪场,省天马种猪场
GD,040,010,无后缀杂项,省女子劳教所,省女子劳教所,省女子劳教所
GD,149,010,无后缀杂项,省女子劳教所,省女子劳教所,省女子劳教所
HN,001,031,无后缀杂项,省岭脚热带作物场,省岭脚热带作物场,省岭脚热带作物场
HN,004,012,无后缀杂项,省岭脚热带作物场,省岭脚热带作物场,省岭脚热带作物场
GD,040,011,无后缀杂项,省第二戒毒劳教所,省第二戒毒劳教所,省第二戒毒劳教所
GD,149,011,无后缀杂项,省第二戒毒劳教所,省第二戒毒劳教所,省第二戒毒劳教所
JX,074,017,无后缀杂项,石花尖垦殖场,石花尖垦殖场,石花尖垦殖场
GD,096,024,无后缀杂项,硫铁矿,硫铁矿,硫铁矿
HT,044,006,无后缀杂项,磴口县农垦乌兰布和农场有限责任公司,磴口县农垦乌兰布和农场有限责任公司,磴口县农垦乌兰布和农场有限责任公司
HT,044,009,无后缀杂项,磴口县农垦包尔盖农场有限责任公司,磴口县农垦包尔盖农场有限责任公司,磴口县农垦包尔盖农场有限责任公司
HT,044,008,无后缀杂项,磴口县农垦哈腾套海农场有限责任公司,磴口县农垦哈腾套海农场有限责任公司,磴口县农垦哈腾套海农场有限责任公司
HT,044,007,无后缀杂项,磴口县农垦巴彦套海农场有限责任公司,磴口县农垦巴彦套海农场有限责任公司,磴口县农垦巴彦套海农场有限责任公司
HT,044,010,无后缀杂项,磴口县农垦纳林套海农场有限责任公司,磴口县农垦纳林套海农场有限责任公司,磴口县农垦纳林套海农场有限责任公司
HB,142,011,无后缀杂项,社区建设办公室,社区建设办公室,社区建设办公室
HB,147,010,无后缀杂项,社区建设办公室,社区建设办公室,社区建设办公室
TW,059,010,无后缀杂项,社区建设办公室,社区建设办公室,社区建设办公室
JX,098,026,无后缀杂项,禾斛岭垦殖场,禾斛岭垦殖场,禾斛岭垦殖场
HU,067,022,无后缀杂项,秀坪园艺场,秀坪园艺场,秀坪园艺场
TW,184,022,无后缀杂项,秀坪园艺场,秀坪园艺场,秀坪园艺场
HJ,026,026,无后缀杂项,种猪场,种猪场,种猪场
JS,097,016,无后缀杂项,种猪场,种猪场,种猪场
LJ,033,015,无后缀杂项,种猪场,种猪场,种猪场
NX,023,018,无后缀杂项,种羊场,种羊场,种羊场
TS,011,012,无后缀杂项,种羊场,种羊场,种羊场
TS,014,012,无后缀杂项,种蜂场,种蜂场,种蜂场
LJ,076,022,无后缀杂项,种马场,种马场,种马场
JS,037,008,无后缀杂项,科技城（东渚街道）,科技城（东渚街道）,科技城（东渚街道）
LJ,050,019,无后缀杂项,立陡山良种场,立陡山良种场,立陡山良种场
LJ,029,017,无后缀杂项,第一良种场,第一良种场,第一良种场
LJ,033,012,无后缀杂项,第一良种场,第一良种场,第一良种场
LJ,035,030,无后缀杂项,第一良种场,第一良种场,第一良种场
LJ,064,038,无后缀杂项,第一良种场,第一良种场,第一良种场
LJ,071,022,无后缀杂项,第一良种场,第一良种场,第一良种场
LJ,035,032,无后缀杂项,第三良种场,第三良种场,第三良种场
LJ,029,018,无后缀杂项,第二良种场,第二良种场,第二良种场
LJ,035,031,无后缀杂项,第二良种场,第二良种场,第二良种场
LJ,064,037,无后缀杂项,第二良种场,第二良种场,第二良种场
LJ,068,026,无后缀杂项,第二良种场,第二良种场,第二良种场
LJ,071,023,无后缀杂项,第二良种场,第二良种场,第二良种场
LJ,033,013,无后缀杂项,第二良种繁殖场,第二良种繁殖场,第二良种繁殖场
LJ,035,033,无后缀杂项,第四良种场,第四良种场,第四良种场
GS,067,017,无后缀杂项,红亮垦殖场,红亮垦殖场,红亮垦殖场
GS,067,016,无后缀杂项,红光垦殖场,红光垦殖场,红光垦殖场
SD,044,009,无后缀杂项,红光类似乡级单位,红光类似乡级单位,红光类似乡级单位
HJ,015,012,无后缀杂项,红兴隆管理局局直,红兴隆管理局局直,红兴隆管理局局直
LJ,033,011,无后缀杂项,红旗奶山羊场,红旗奶山羊场,红旗奶山羊场
LJ,077,021,无后缀杂项,红旗泡水库管理所,红旗泡水库管理所,红旗泡水库管理所
JL,055,033,无后缀杂项,红旗饲养场,红旗饲养场,红旗饲养场
SC,025,033,无后缀杂项,红旗饲养场,红旗饲养场,红旗饲养场
TW,006,033,无后缀杂项,红旗饲养场,红旗饲养场,红旗饲养场
TW,121,033,无后缀杂项,红旗饲养场,红旗饲养场,红旗饲养场
JX,096,010,无后缀杂项,红桥垦殖场,红桥垦殖场,红桥垦殖场
SI,025,010,无后缀杂项,红河谷森林公园,红河谷森林公园,红河谷森林公园
LJ,050,021,无后缀杂项,经济作物示范场,经济作物示范场,经济作物示范场
JS,086,013,无后缀杂项,经济开发区（马棚街道）,经济开发区（马棚街道）,经济开发区（马棚街道）
LJ,070,033,无后缀杂项,绥化局直,绥化局直,绥化局直
LJ,076,024,无后缀杂项,绥棱县猪场,绥棱县猪场,绥棱县猪场
JX,064,026,无后缀杂项,综合垦殖场,综合垦殖场,综合垦殖场
FJ,001,116,无后缀杂项,罗源湾,罗源湾,罗源湾
FJ,010,012,无后缀杂项,罗源湾,罗源湾,罗源湾
JX,063,023,无后缀杂项,罗铺垦殖场,罗铺垦殖场,罗铺垦殖场
JX,090,012,无后缀杂项,翠雷山垦殖场,翠雷山垦殖场,翠雷山垦殖场
NX,023,020,无后缀杂项,老城管理办公室,老城管理办公室,老城管理办公室
RH,025,025,无后缀杂项,胡力海原种繁殖场,胡力海原种繁殖场,胡力海原种繁殖场
CL,020,023,无后缀杂项,良种场,良种场,良种场
FJ,060,017,无后缀杂项,良种场,良种场,良种场
HJ,014,018,无后缀杂项,良种场,良种场,良种场
HJ,025,021,无后缀杂项,良种场,良种场,良种场
JS,099,028,无后缀杂项,良种场,良种场,良种场
LJ,065,014,无后缀杂项,良种场,良种场,良种场
LJ,066,020,无后缀杂项,良种场,良种场,良种场
LJ,076,023,无后缀杂项,良种场,良种场,良种场
HX,001,058,无后缀杂项,良种繁殖场,良种繁殖场,良种繁殖场
HX,011,013,无后缀杂项,良种繁殖场,良种繁殖场,良种繁殖场
JL,044,027,无后缀杂项,良种繁育场,良种繁育场,良种繁育场
JL,046,032,无后缀杂项,良种繁育场,良种繁育场,良种繁育场
JL,051,016,无后缀杂项,良种繁育场,良种繁育场,良种繁育场
JL,055,030,无后缀杂项,良种繁育场,良种繁育场,良种繁育场
SC,025,030,无后缀杂项,良种繁育场,良种繁育场,良种繁育场
TW,006,030,无后缀杂项,良种繁育场,良种繁育场,良种繁育场
TW,121,030,无后缀杂项,良种繁育场,良种繁育场,良种繁育场
FJ,050,011,无后缀杂项,芗城区奶牛场,芗城区奶牛场,芗城区奶牛场
LJ,068,027,无后缀杂项,花园劳教所,花园劳教所,花园劳教所
SC,061,033,无后缀杂项,苍溪县三溪口森林经营所,苍溪县三溪口森林经营所,苍溪县三溪口森林经营所
SC,061,034,无后缀杂项,苍溪县良种场,苍溪县良种场,苍溪县良种场
XJ,027,010,无后缀杂项,苏海良种场,苏海良种场,苏海良种场
HE,072,016,无后缀杂项,苗圃场,苗圃场,苗圃场
LJ,050,022,无后缀杂项,茂兴湖水产养殖场,茂兴湖水产养殖场,茂兴湖水产养殖场
SI,081,024,无后缀杂项,荆河农业示范园,荆河农业示范园,荆河农业示范园
JX,080,035,无后缀杂项,荣山垦殖场,荣山垦殖场,荣山垦殖场
CL,019,039,无后缀杂项,莎车县园艺场,莎车县园艺场,莎车县园艺场
CL,019,037,无后缀杂项,莎车县第一林场（国营苗圃）,莎车县第一林场（国营苗圃）,莎车县第一林场（国营苗圃）
CL,019,036,无后缀杂项,莎车县良种繁育场,莎车县良种繁育场,莎车县良种繁育场
CL,019,040,无后缀杂项,莎车县蚕种场,莎车县蚕种场,莎车县蚕种场
CL,019,041,无后缀杂项,莎车县鱼苗场,莎车县鱼苗场,莎车县鱼苗场
RH,025,026,无后缀杂项,莫力庙种羊场,莫力庙种羊场,莫力庙种羊场
LJ,042,018,无后缀杂项,萝北县农业局,萝北县农业局,萝北县农业局
LJ,029,011,无后缀杂项,葡萄场,葡萄场,葡萄场
JX,066,018,无后缀杂项,蔴源垦殖场,蔴源垦殖场,蔴源垦殖场
HI,073,019,无后缀杂项,蕲春县仙人台茶厂,蕲春县仙人台茶厂,蕲春县仙人台茶厂
AH,087,015,无后缀杂项,薛楼板材加工园,薛楼板材加工园,薛楼板材加工园
JS,085,011,无后缀杂项,蚕种场,蚕种场,蚕种场
HJ,001,027,无后缀杂项,蜂蜜山粮库有限公司,蜂蜜山粮库有限公司,蜂蜜山粮库有限公司
JX,023,016,无后缀杂项,赛城湖水产场,赛城湖水产场,赛城湖水产场
XA,017,015,无后缀杂项,跃进马场,跃进马场,跃进马场
SI,029,011,无后缀杂项,辛家山林业场,辛家山林业场,辛家山林业场
JS,058,011,无后缀杂项,连云港碱厂,连云港碱厂,连云港碱厂
LJ,001,074,无后缀杂项,道外农垦,道外农垦,道外农垦
LJ,004,029,无后缀杂项,道外农垦,道外农垦,道外农垦
HX,004,048,无后缀杂项,邓马营湖生态建设指挥部,邓马营湖生态建设指挥部,邓马营湖生态建设指挥部
JX,028,026,无后缀杂项,都昌县良种场,都昌县良种场,都昌县良种场
JS,010,015,无后缀杂项,金牛湖旅游管理办公室,金牛湖旅游管理办公室,金牛湖旅游管理办公室
FJ,046,001,无后缀杂项,金门县,金门县,金门县
QH,023,015,无后缀杂项,铁卜加草改站,铁卜加草改站,铁卜加草改站
JX,092,024,无后缀杂项,铜拔山垦殖场,铜拔山垦殖场,铜拔山垦殖场
GD,044,013,无后缀杂项,银湖湾,银湖湾,银湖湾
JS,013,009,无后缀杂项,锡山台湾农民创业园,锡山台湾农民创业园,锡山台湾农民创业园
LI,053,007,无后缀杂项,锦州北山农工商总公司,锦州北山农工商总公司,锦州北山农工商总公司
JL,050,022,无后缀杂项,镇南种羊场,镇南种羊场,镇南种羊场
JL,045,036,无后缀杂项,长山余热鱼苗繁殖场,长山余热鱼苗繁殖场,长山余热鱼苗繁殖场
JL,046,026,无后缀杂项,长岭种马场,长岭种马场,长岭种马场
SX,028,013,无后缀杂项,长治市经济技术开发区上党区部分,长治市经济技术开发区上党区部分,长治市经济技术开发区上党区部分
TW,328,032,无后缀杂项,长治市经济技术开发区上党区部分,长治市经济技术开发区上党区部分,长治市经济技术开发区上党区部分
SX,027,019,无后缀杂项,长治经济技术开发区潞州区部分,长治经济技术开发区潞州区部分,长治经济技术开发区潞州区部分
TW,328,019,无后缀杂项,长治经济技术开发区潞州区部分,长治经济技术开发区潞州区部分,长治经济技术开发区潞州区部分
JL,058,023,无后缀杂项,长白山森工集团大石头林业有限公司,长白山森工集团大石头林业有限公司,长白山森工集团大石头林业有限公司
JL,058,021,无后缀杂项,长白山森工集团敦化林业有限公司,长白山森工集团敦化林业有限公司,长白山森工集团敦化林业有限公司
JL,058,022,无后缀杂项,长白山森工集团黄泥河林业有限公司,长白山森工集团黄泥河林业有限公司,长白山森工集团黄泥河林业有限公司
QH,015,014,无后缀杂项,门源种马场,门源种马场,门源种马场
TS,017,014,无后缀杂项,阔什比克良种场,阔什比克良种场,阔什比克良种场
GD,094,017,无后缀杂项,阳江林场东岸分场,阳江林场东岸分场,阳江林场东岸分场
GD,095,009,无后缀杂项,阳江林场儒洞分场,阳江林场儒洞分场,阳江林场儒洞分场
GD,094,013,无后缀杂项,阳江林场宝山分场,阳江林场宝山分场,阳江林场宝山分场
GD,094,014,无后缀杂项,阳江林场田畔分场,阳江林场田畔分场,阳江林场田畔分场
GD,093,013,无后缀杂项,阳江林场罗琴分场,阳江林场罗琴分场,阳江林场罗琴分场
YN,061,013,无后缀杂项,阳江林场罗琴分场,阳江林场罗琴分场,阳江林场罗琴分场
XA,001,028,无后缀杂项,阿荣旗林业和草原局,阿荣旗林业和草原局,阿荣旗林业和草原局
XA,003,013,无后缀杂项,阿荣旗林业和草原局,阿荣旗林业和草原局,阿荣旗林业和草原局
LJ,073,021,无后缀杂项,青冈县互利营林站,青冈县互利营林站,青冈县互利营林站
LJ,073,022,无后缀杂项,青冈县果树场,青冈县果树场,青冈县果树场
LJ,073,024,无后缀杂项,青冈县种羊场,青冈县种羊场,青冈县种羊场
LJ,073,023,无后缀杂项,青冈县种马场,青冈县种马场,青冈县种马场
JX,087,014,无后缀杂项,青年垦殖场,青年垦殖场,青年垦殖场
GX,001,017,无后缀杂项,青秀山,青秀山,青秀山
GX,003,011,无后缀杂项,青秀山,青秀山,青秀山
LJ,069,026,无后缀杂项,马铃薯原种繁殖场,马铃薯原种繁殖场,马铃薯原种繁殖场
RH,001,150,无后缀杂项,马鞍山羊场,马鞍山羊场,马鞍山羊场
RH,022,011,无后缀杂项,马鞍山羊场,马鞍山羊场,马鞍山羊场
GS,074,011,无后缀杂项,高原生物研究所,高原生物研究所,高原生物研究所
JS,012,009,无后缀杂项,高淳县团结圩良种繁育场,高淳县团结圩良种繁育场,高淳县团结圩良种繁育场
JS,012,010,无后缀杂项,高淳县茶叶实验场,高淳县茶叶实验场,高淳县茶叶实验场
JS,009,015,无后缀杂项,麒麟科技创新园（生态科技城）,麒麟科技创新园（生态科技城）,麒麟科技创新园（生态科技城）
JX,087,013,无后缀杂项,黄柏岭垦殖场,黄柏岭垦殖场,黄柏岭垦殖场
JS,080,021,无后缀杂项,黄海森林公园,黄海森林公园,黄海森林公园
SI,086,016,无后缀杂项,黑窑沟林厂,黑窑沟林厂,黑窑沟林厂
LJ,076,021,无后缀杂项,黑龙江北大荒农垦集团绥棱农场有限公司,黑龙江北大荒农垦集团绥棱农场有限公司,黑龙江北大荒农垦集团绥棱农场有限公司
LJ,076,020,无后缀杂项,黑龙江省绥棱林业局有限公司,黑龙江省绥棱林业局有限公司,黑龙江省绥棱林业局有限公司
LJ,020,008,无后缀杂项,齐齐哈尔局直,齐齐哈尔局直,齐齐哈尔局直
LI,019,012,无后缀杂项,龙头分园,龙头分园,龙头分园
HJ,039,014,林业局,东京城林业局,东京城镇,东京城林业局
HJ,009,012,林业局,东方红林业局,东方红镇,东方红林业局
LJ,001,302,林业局,亚布力林业局,亚布力镇,亚布力林业局
LJ,018,019,林业局,亚布力林业局,亚布力镇,亚布力林业局
LJ,001,203,林业局,依兰县林业局,依兰县镇,依兰县林业局
LJ,011,010,林业局,依兰县林业局,依兰县镇,依兰县林业局
JL,061,013,林业局,八家子林业局,八家子镇,八家子林业局
HJ,040,009,林业局,八面通林业局,八面通镇,八面通林业局
LJ,001,251,林业局,兴隆林业局,兴隆镇,兴隆林业局
LJ,014,019,林业局,兴隆林业局,兴隆镇,兴隆林业局
LJ,063,010,林业局,双丰林业局,双丰镇,双丰林业局
JL,061,014,林业局,和龙市林业局,和龙市镇,和龙市林业局
JL,061,012,林业局,和龙林业局,和龙镇,和龙林业局
JL,062,015,林业局,大兴沟林业局,大兴沟镇,大兴沟林业局
HJ,038,011,林业局,大海林林业局,大海林镇,大海林林业局
JL,062,014,林业局,天桥岭林业局,天桥岭镇,天桥岭林业局
JL,063,016,林业局,安图县林业局,安图县镇,安图县林业局
LJ,001,328,林业局,山河屯林业局,山河屯镇,山河屯林业局
LJ,019,025,林业局,山河屯林业局,山河屯镇,山河屯林业局
JL,056,011,林业局,延吉市林业局,延吉市镇,延吉市林业局
JL,058,024,林业局,敦化市林业局,敦化市镇,敦化市林业局
LJ,001,214,林业局,方正林业局,方正镇,方正林业局
LJ,012,009,林业局,方正林业局,方正镇,方正林业局
SC,139,018,林业局,松潘林业局,松潘镇,松潘林业局
HJ,008,012,林业局,林业局,林业局,林业局
HJ,036,012,林业局,林口林业局,林口镇,林口林业局
TW,178,012,林业局,林口林业局,林口镇,林口林业局
HJ,038,013,林业局,柴河林业局,柴河镇,柴河林业局
LJ,063,011,林业局,桃山林业局,桃山镇,桃山林业局
HJ,022,013,林业局,桦南林业局,桦南镇,桦南林业局
JL,062,013,林业局,汪清林业局,汪清镇,汪清林业局
LJ,068,022,林业局,沾河林业局,沾河镇,沾河林业局
HJ,038,012,林业局,海林林业局,海林镇,海林林业局
LJ,001,270,林业局,清河林业局,清河镇,清河林业局
LJ,016,009,林业局,清河林业局,清河镇,清河林业局
JL,059,015,林业局,珲春林业局,珲春镇,珲春林业局
JL,063,014,林业局,白河林业局,白河镇,白河林业局
HJ,040,010,林业局,穆棱林业局,穆棱镇,穆棱林业局
HJ,041,007,林业局,绥阳林业局,绥阳镇,绥阳林业局
LJ,001,301,林业局,苇河林业局,苇河镇,苇河林业局
LJ,018,018,林业局,苇河林业局,苇河镇,苇河林业局
LJ,042,009,林业局,萝北县林业局,萝北县镇,萝北县林业局
HJ,009,013,林业局,迎春林业局,迎春镇,迎春林业局
LJ,067,016,林业局,通北林业局,通北镇,通北林业局
LJ,063,009,林业局,铁力林业局,铁力镇,铁力林业局
SI,029,010,林业局,马头滩林业局,马头滩镇,马头滩林业局
LJ,042,010,林业局,鹤北林业局,鹤北镇,鹤北林业局
HJ,024,011,林业局,鹤立林业局,鹤立镇,鹤立林业局
JL,060,011,林业局,龙井市林业局,龙井市镇,龙井市林业局
TW,116,011,林业局,龙井市林业局,龙井市镇,龙井市林业局
ZS,010,055,林区,三官洞林区,三官洞镇,三官洞林区
ZS,017,018,林区,三官洞林区,三官洞镇,三官洞林区
CL,020,024,林场,林场,林场,林场
JS,097,015,林场,林场,林场,林场
TS,010,010,林场,林场,林场,林场
LI,099,014,水库,乌金塘水库,乌金塘镇,乌金塘水库
SI,081,019,水库,二龙山水库,二龙山镇,二龙山水库
JL,055,027,水库,五间房水库,五间房镇,五间房水库
SC,025,027,水库,五间房水库,五间房镇,五间房水库
TW,006,027,水库,五间房水库,五间房镇,五间房水库
TW,121,027,水库,五间房水库,五间房镇,五间房水库
SI,081,020,水库,南秦水库,南秦镇,南秦水库
GD,077,020,水库,梅西水库,梅西镇,梅西水库
HI,050,028,水库,温峡水库,温峡镇,温峡水库
HI,050,029,水库,石门水库,石门镇,石门水库
HJ,001,019,水库,青年水库,青年镇,青年水库
HI,076,022,水库,麻城三河水库,麻城三河镇,麻城三河水库
HI,076,021,水库,麻城明山水库,麻城明山镇,麻城明山水库
HI,050,030,水库,黄坡水库,黄坡镇,黄坡水库
GD,001,164,水库,黄龙带水库,黄龙带镇,黄龙带水库
GD,011,009,水库,黄龙带水库,黄龙带镇,黄龙带水库
GD,137,001,港,东莞港,东莞镇,东莞港
RH,005,009,灌区,恩格尔河灌区,恩格尔河镇,恩格尔河灌区
LJ,064,032,煤矿,东方红煤矿,东方红镇,东方红煤矿
HJ,014,015,煤矿,升平煤矿,升平镇,升平煤矿
LJ,064,030,煤矿,宋集屯煤矿,宋集屯镇,宋集屯煤矿
AH,102,019,煤矿,淮北矿业集团有限责任公司许疃煤矿,淮北矿业集团有限责任公司许疃镇,淮北矿业集团有限责任公司许疃煤矿
RH,004,008,煤矿,玛尼图煤矿,玛尼图镇,玛尼图煤矿
LJ,064,031,煤矿,西岗子煤矿,西岗子镇,西岗子煤矿
SX,081,013,煤矿,阳方口煤矿,阳方口镇,阳方口煤矿
HJ,025,022,牧场,畜牧场,畜镇,畜牧场
HU,093,028,牧场,畜牧场,畜镇,畜牧场
LJ,068,025,牧场,畜牧场,畜镇,畜牧场
HA,014,026,生态城,中新天津生态城,中新天津镇,中新天津生态城
JS,078,018,盐场,盐场,盐场,盐场
AH,109,015,监狱,上海市白茅岭监狱,上海市白茅岭镇,上海市白茅岭监狱
YN,067,013,监狱,临沧监狱,临沧镇,临沧监狱
TS,016,026,监狱,乌苏监狱,乌苏镇,乌苏监狱
AL,006,016,监狱,于田监狱,于田镇,于田监狱
GD,041,008,监狱,佛山监狱,佛山镇,佛山监狱
LJ,029,016,监狱,六三监狱,六三镇,六三监狱
LJ,068,030,监狱,凤凰山监狱,凤凰山镇,凤凰山监狱
LJ,068,029,监狱,华山监狱,华山镇,华山监狱
CL,019,035,监狱,喀什监狱,喀什镇,喀什监狱
JS,036,013,监狱,常州监狱,常州镇,常州监狱
GD,070,014,监狱,广东省济广监狱,广东省济广镇,广东省济广监狱
LJ,068,028,监狱,永丰监狱,永丰镇,永丰监狱
SX,074,011,监狱,永济监狱,永济镇,永济监狱
HI,063,009,监狱,江北监狱,江北镇,江北监狱
JX,079,028,监狱,江西省瑞州监狱,江西省瑞州镇,江西省瑞州监狱
HB,152,018,监狱,深州监狱,深州镇,深州监狱
JS,036,014,监狱,溧阳监狱,溧阳镇,溧阳监狱
XJ,034,008,监狱,福海监狱,福海镇,福海监狱
HU,033,024,监狱,衡州监狱,衡州镇,衡州监狱
HI,043,012,监狱,襄南监狱,襄南镇,襄南监狱
YN,104,017,监狱,西双版纳监狱,西双版纳镇,西双版纳监狱
LI,058,019,监狱,辽宁省北镇市高山子监狱,辽宁省北镇市高山子镇,辽宁省北镇市高山子监狱
TW,058,019,监狱,辽宁省北镇市高山子监狱,辽宁省北镇市高山子镇,辽宁省北镇市高山子监狱
TW,097,019,监狱,辽宁省北镇市高山子监狱,辽宁省北镇市高山子镇,辽宁省北镇市高山子监狱
TW,151,019,监狱,辽宁省北镇市高山子监狱,辽宁省北镇市高山子镇,辽宁省北镇市高山子监狱
QH,015,013,监狱,门源监狱,门源镇,门源监狱
GD,096,023,监狱,阳春监狱,阳春镇,阳春监狱
GD,094,012,监狱,阳江监狱,阳江镇,阳江监狱
CL,009,010,监狱,阿克苏监狱,阿克苏镇,阿克苏监狱
JX,099,032,监狱,饶州监狱,饶州镇,饶州监狱
HJ,024,012,监狱,香兰监狱,香兰镇,香兰监狱
GD,041,005,监狱,高明监狱,高明镇,高明监狱
JS,012,011,监狱,高淳监狱,高淳镇,高淳监狱
HJ,014,016,监狱,黑龙江省双鸭山监狱,黑龙江省双鸭山镇,黑龙江省双鸭山监狱
JS,007,010,监狱,龙潭监狱,龙潭镇,龙潭监狱
SD,059,010,监狱,龙潭监狱,龙潭镇,龙潭监狱
GX,001,042,矿务局,那龙矿务局,那龙镇,那龙矿务局
GX,005,014,矿务局,那龙矿务局,那龙镇,那龙矿务局
XJ,010,011,矿区,南山矿区,南山镇,南山矿区
SX,090,020,矿区,原平市石豹沟煤矿工矿区,原平市石豹沟煤矿工镇,原平市石豹沟煤矿工矿区
XA,018,015,矿区,孟恩套力盖矿区,孟恩套力盖镇,孟恩套力盖矿区
SX,090,019,矿区,山西鲁能晋北铝业工矿区,山西鲁能晋北铝业工镇,山西鲁能晋北铝业工矿区
XA,018,016,矿区,布敦化矿区,布敦化镇,布敦化矿区
XA,001,098,矿区,扎赉诺尔矿区,扎赉诺尔镇,扎赉诺尔矿区
XA,010,010,矿区,扎赉诺尔矿区,扎赉诺尔镇,扎赉诺尔矿区
HX,019,016,矿区,甘肃矿区,甘肃镇,甘肃矿区
GD,096,018,矿区,石录矿区,石录镇,石录矿区
SD,046,010,示范区,东营农业高新技术产业示范区,东营农业高新技术产业镇,东营农业高新技术产业示范区
GS,024,023,示范区,天水市农业高新技术示范区,天水市农业高新技术镇,天水市农业高新技术示范区
GS,024,024,示范区,天水市麦积区三阳工业示范区,天水市麦积区三阳工业镇,天水市麦积区三阳工业示范区
GS,024,025,示范区,天水市麦积区廿铺工业示范区,天水市麦积区廿铺工业镇,天水市麦积区廿铺工业示范区
HA,016,023,示范区,天津健康产业国际合作示范区,天津健康产业国际合作镇,天津健康产业国际合作示范区
HT,049,015,示范区,孪井滩生态移民示范区,孪井滩生态移民镇,孪井滩生态移民示范区
SX,032,013,示范区,平顺生态文化旅游示范区,平顺生态文化旅游镇,平顺生态文化旅游示范区
TW,328,078,示范区,平顺生态文化旅游示范区,平顺生态文化旅游镇,平顺生态文化旅游示范区
AH,041,014,示范区,当涂现代农业示范区,当涂现代农业镇,当涂现代农业示范区
TW,328,124,示范区,武乡县现代农业产业示范区,武乡县现代农业产业镇,武乡县现代农业产业示范区
JX,028,025,示范区,江西省对外经济技术合作蔡岭示范区,江西省对外经济技术合作蔡岭镇,江西省对外经济技术合作蔡岭示范区
SX,037,012,示范区,沁县现代农业产业示范区,沁县现代农业产业镇,沁县现代农业产业示范区
TW,328,136,示范区,沁县现代农业产业示范区,沁县现代农业产业镇,沁县现代农业产业示范区
HT,015,017,示范区,鄂尔多斯市生态示范区,鄂尔多斯市生态镇,鄂尔多斯市生态示范区
HE,031,015,示范区,重渡沟生态旅游示范区,重渡沟生态旅游镇,重渡沟生态旅游示范区
HB,134,011,示范区,香河新兴产业示范区,香河新兴产业镇,香河新兴产业示范区
RH,012,009,示范区,黑城子示范区,黑城子镇,黑城子示范区
CL,015,011,种畜场,县种畜场,县镇,县种畜场
HJ,001,023,种畜场,种畜场,种畜场,种畜场
HJ,014,019,种畜场,种畜场,种畜场,种畜场
HJ,026,027,种畜场,种畜场,种畜场,种畜场
LJ,050,017,种畜场,种畜场,种畜场,种畜场
LJ,064,036,种畜场,种畜场,种畜场,种畜场
LJ,065,015,种畜场,种畜场,种畜场,种畜场
LJ,066,021,种畜场,种畜场,种畜场,种畜场
LJ,071,021,种畜场,种畜场,种畜场,种畜场
XA,019,016,种畜场,种畜场,种畜场,种畜场
JX,024,021,管委会,万福经济技术开发区管委会,万福经济技术开发区镇,万福经济技术开发区管委会
CL,003,021,管委会,五眼泉片区管委会,五眼泉片区镇,五眼泉片区管委会
XJ,014,009,管委会,伊吾县山南开发区管委会,伊吾县山南开发区镇,伊吾县山南开发区管委会
SD,070,015,管委会,双王城生态经济园区管委会,双王城生态经济园区镇,双王城生态经济园区管委会
AH,001,122,管委会,台创园管委会,台创园镇,台创园管委会
AH,009,023,管委会,台创园管委会,台创园镇,台创园管委会
CL,003,020,管委会,城南片区管委会,城南片区镇,城南片区管委会
CL,006,009,管委会,央塔库都片区管委会,央塔库都片区镇,央塔库都片区管委会
JX,064,022,管委会,小龙矿区管委会,小龙矿区镇,小龙矿区管委会
CL,019,043,管委会,工业园区管委会,工业园区镇,工业园区管委会
JS,022,012,管委会,工业园区管委会,工业园区镇,工业园区管委会
XZ,001,067,管委会,拉萨市经济技术开发区管委会,拉萨市经济技术开发区镇,拉萨市经济技术开发区管委会
HI,073,017,管委会,李时珍医药工业园区管委会,李时珍医药工业园区镇,李时珍医药工业园区管委会
XJ,007,008,管委会,柴窝堡管委会,柴窝堡镇,柴窝堡管委会
ZS,010,054,管委会,槐树林特场管委会,槐树林特场镇,槐树林特场管委会
ZS,017,017,管委会,槐树林特场管委会,槐树林特场镇,槐树林特场管委会
HI,001,178,管委会,汉口北商贸物流枢纽区管委会,汉口北商贸物流枢纽区镇,汉口北商贸物流枢纽区管委会
HI,013,020,管委会,汉口北商贸物流枢纽区管委会,汉口北商贸物流枢纽区镇,汉口北商贸物流枢纽区管委会
HI,097,028,管委会,沉湖管委会,沉湖镇,沉湖管委会
AH,070,013,管委会,滁州高教科创城管委会,滁州高教科创城镇,滁州高教科创城管委会
AH,001,099,管委会,紫蓬山管委会,紫蓬山镇,紫蓬山管委会
AH,008,014,管委会,紫蓬山管委会,紫蓬山镇,紫蓬山管委会
HI,073,016,管委会,蕲春经济开发区管委会,蕲春经济开发区镇,蕲春经济开发区管委会
HI,016,007,管委会,西塞山工业园区管委会,西塞山工业园区镇,西塞山工业园区管委会
JX,079,024,管委会,高安市新世纪工业城管委会,高安市新世纪工业城镇,高安市新世纪工业城管委会
CL,016,016,管委会,高新技术产业孵化园区管委会,高新技术产业孵化园区镇,高新技术产业孵化园区管委会
HU,054,015,管理处,东洞庭湖管理处,东洞庭湖镇,东洞庭湖管理处
HI,001,115,管理处,临空经济管理处,临空经济镇,临空经济管理处
HI,009,017,管理处,临空经济管理处,临空经济镇,临空经济管理处
HB,102,005,管理处,乌兰管理处,乌兰镇,乌兰管理处
HI,001,111,管理处,产业管理处,产业镇,产业管理处
HI,009,013,管理处,产业管理处,产业镇,产业管理处
HI,001,112,管理处,保税物流管理处,保税物流镇,保税物流管理处
HI,009,014,管理处,保税物流管理处,保税物流镇,保税物流管理处
HI,001,116,管理处,农科所管理处,农科所镇,农科所管理处
HI,009,018,管理处,农科所管理处,农科所镇,农科所管理处
JX,006,033,管理处,冠山管理处,冠山镇,冠山管理处
NX,023,019,管理处,南华山自然保护区管理处,南华山自然保护区镇,南华山自然保护区管理处
HU,078,005,管理处,南湾湖管理处,南湾湖镇,南湾湖管理处
HI,020,018,管理处,四顾闸管理处,四顾闸镇,四顾闸管理处
HA,039,003,管理处,团林管理处,团林镇,团林管理处
HA,039,002,管理处,大蒲河管理处,大蒲河镇,大蒲河管理处
HE,063,013,管理处,天台山管理处,天台山镇,天台山管理处
HI,069,013,管理处,天台山管理处,天台山镇,天台山管理处
HU,067,027,管理处,夹山管理处,夹山镇,夹山管理处
TW,184,027,管理处,夹山管理处,夹山镇,夹山管理处
HI,087,019,管理处,恩施大峡谷风景管理处,恩施大峡谷风景镇,恩施大峡谷风景管理处
JX,002,010,管理处,扬农管理处,扬农镇,扬农管理处
JX,006,034,管理处,新丰管理处,新丰镇,新丰管理处
ZS,010,125,管理处,新港经济开发管理处,新港经济开发镇,新港经济开发管理处
ZS,015,017,管理处,新港经济开发管理处,新港经济开发镇,新港经济开发管理处
JX,006,031,管理处,新祺周管理处,新祺周镇,新祺周管理处
HI,001,175,管理处,木兰山风景区管理处,木兰山风景区镇,木兰山风景区管理处
HI,013,017,管理处,木兰山风景区管理处,木兰山风景区镇,木兰山风景区管理处
HU,051,025,管理处,木里港管理处,木里港镇,木里港管理处
HU,017,017,管理处,汉背管理处,汉背镇,汉背管理处
HE,135,020,管理处,汤泉池管理处,汤泉池镇,汤泉池管理处
JX,033,012,管理处,沙湖山管理处,沙湖山镇,沙湖山管理处
JX,006,029,管理处,洗药湖管理处,洗药湖镇,洗药湖管理处
HI,076,027,管理处,浮桥河国家湿地公园管理处,浮桥河国家湿地公园镇,浮桥河国家湿地公园管理处
HI,001,113,管理处,海峡两岸科技产业管理处,海峡两岸科技产业镇,海峡两岸科技产业管理处
HI,009,015,管理处,海峡两岸科技产业管理处,海峡两岸科技产业镇,海峡两岸科技产业管理处
HI,001,117,管理处,现代服务业管理处,现代服务业镇,现代服务业管理处
HI,009,019,管理处,现代服务业管理处,现代服务业镇,现代服务业管理处
HA,039,004,管理处,留守营管理处,留守营镇,留守营管理处
HB,102,007,管理处,白塔管理处,白塔镇,白塔管理处
JX,006,032,管理处,白水湖管理处,白水湖镇,白水湖管理处
HB,102,004,管理处,石门管理处,石门镇,石门管理处
HI,072,014,管理处,策湖国家湿地公园管理处,策湖国家湿地公园镇,策湖国家湿地公园管理处
HU,051,023,管理处,经济技术开发区通海路管理处,经济技术开发区通海路镇,经济技术开发区通海路管理处
JX,005,010,管理处,艾溪湖管理处,艾溪湖镇,艾溪湖管理处
SC,061,032,管理处,苍溪九龙山自然保护区管理处,苍溪九龙山自然保护区镇,苍溪九龙山自然保护区管理处
GD,167,018,管理处,蓝城区工业园区管理处,蓝城区工业园区镇,蓝城区工业园区管理处
HI,073,018,管理处,蕲春赤龙湖国家湿地公园管理处,蕲春赤龙湖国家湿地公园镇,蕲春赤龙湖国家湿地公园管理处
JX,002,009,管理处,贤士湖管理处,贤士湖镇,贤士湖管理处
HI,001,192,管理处,道观河风景旅游管理处,道观河风景旅游镇,道观河风景旅游管理处
HI,014,014,管理处,道观河风景旅游管理处,道观河风景旅游镇,道观河风景旅游管理处
HU,051,024,管理处,金凤桥管理处,金凤桥镇,金凤桥管理处
HB,102,006,管理处,金沙管理处,金沙镇,金沙管理处
HI,080,013,管理处,锡山森林公园管理处,锡山森林公园镇,锡山森林公园管理处
HI,001,114,管理处,食品工业管理处,食品工业镇,食品工业管理处
HI,009,016,管理处,食品工业管理处,食品工业镇,食品工业管理处
JX,001,023,管理处,鲤鱼洲管理处,鲤鱼洲镇,鲤鱼洲管理处
JX,008,023,管理处,鲤鱼洲管理处,鲤鱼洲镇,鲤鱼洲管理处
HB,102,003,管理处,黄山管理处,黄山镇,黄山管理处
HI,076,026,管理处,龟峰山风景区管理处,龟峰山风景区镇,龟峰山风景区管理处
GD,173,011,管理委员会,七台河经济开发区管理委员会,七台河经济开发区镇,七台河经济开发区管理委员会
HJ,028,011,管理委员会,七台河经济开发区管理委员会,七台河经济开发区镇,七台河经济开发区管理委员会
TW,015,011,管理委员会,七台河经济开发区管理委员会,七台河经济开发区镇,七台河经济开发区管理委员会
HI,072,015,管理委员会,三角山旅游度假区管理委员会,三角山旅游度假区镇,三角山旅游度假区管理委员会
XJ,012,027,管理委员会,东郊开发区管理委员会,东郊开发区镇,东郊开发区管理委员会
JX,001,022,管理委员会,南昌县银三角管理委员会,南昌县银三角镇,南昌县银三角管理委员会
JX,008,022,管理委员会,南昌县银三角管理委员会,南昌县银三角镇,南昌县银三角管理委员会
LJ,001,303,管理委员会,哈尔滨市政府亚布力滑雪旅游度假区管理委员会,哈尔滨市政府亚布力滑雪旅游度假区镇,哈尔滨市政府亚布力滑雪旅游度假区管理委员会
LJ,018,020,管理委员会,哈尔滨市政府亚布力滑雪旅游度假区管理委员会,哈尔滨市政府亚布力滑雪旅游度假区镇,哈尔滨市政府亚布力滑雪旅游度假区管理委员会
SD,081,016,管理委员会,嘉祥经济开发区管理委员会,嘉祥经济开发区镇,嘉祥经济开发区管理委员会
AH,074,018,管理委员会,安徽凤阳经济开发区管理委员会,安徽凤阳经济开发区镇,安徽凤阳经济开发区管理委员会
AH,045,010,管理委员会,安徽淮北相山经济开发区管理委员会,安徽淮北相山经济开发区镇,安徽淮北相山经济开发区管理委员会
AH,102,018,管理委员会,安徽蒙城经济开发区管理委员会,安徽蒙城经济开发区镇,安徽蒙城经济开发区管理委员会
JX,070,036,管理委员会,宜春市宜阳新区管理委员会,宜春市宜阳新区镇,宜春市宜阳新区管理委员会
JX,070,033,管理委员会,宜春经济开发区管理委员会,宜春经济开发区镇,宜春经济开发区管理委员会
GS,030,021,管理委员会,平凉崆峒山大景区管理委员会,平凉崆峒山大景区镇,平凉崆峒山大景区管理委员会
LJ,074,020,管理委员会,庆柳社区管理委员会,庆柳社区镇,庆柳社区管理委员会
JX,080,037,管理委员会,开发区管理委员会,开发区镇,开发区管理委员会
XJ,015,017,管理委员会,新疆昌吉国家农业科技园区管理委员会,新疆昌吉国家农业科技园区镇,新疆昌吉国家农业科技园区管理委员会
HI,031,011,管理委员会,松宜矿区管理委员会,松宜矿区镇,松宜矿区管理委员会
GX,027,006,管理委员会,桂林华侨旅游经济区管理委员会,桂林华侨旅游经济区镇,桂林华侨旅游经济区管理委员会
HI,001,032,管理委员会,武汉中央商务区管理委员会,武汉中央商务区镇,武汉中央商务区管理委员会
HI,003,015,管理委员会,武汉中央商务区管理委员会,武汉中央商务区镇,武汉中央商务区管理委员会
CL,019,045,管理委员会,永安管理委员会,永安镇,永安管理委员会
JX,010,022,管理委员会,江西进贤经济开发区管理委员会,江西进贤经济开发区镇,江西进贤经济开发区管理委员会
JX,088,015,管理委员会,江西金溪工业园区管理委员会,江西金溪工业园区镇,江西金溪工业园区管理委员会
HI,049,015,管理委员会,沙洋新港区管理委员会,沙洋新港区镇,沙洋新港区管理委员会
HI,049,016,管理委员会,沙洋滨江新区管理委员会,沙洋滨江新区镇,沙洋滨江新区管理委员会
CL,005,012,管理委员会,沙雅县塔河管理委员会,沙雅县塔河镇,沙雅县塔河管理委员会
HI,040,012,管理委员会,湖北保康经济开发区管理委员会,湖北保康经济开发区镇,湖北保康经济开发区管理委员会
HI,049,014,管理委员会,湖北沙洋经济开发区管理委员会,湖北沙洋经济开发区镇,湖北沙洋经济开发区管理委员会
XJ,012,025,管理委员会,现代农业园区管理委员会,现代农业园区镇,现代农业园区管理委员会
HJ,001,021,管理委员会,经济开发区管理委员会,经济开发区镇,经济开发区管理委员会
AH,001,084,管理委员会,肥东经济开发区管理委员会,肥东经济开发区镇,肥东经济开发区管理委员会
AH,007,019,管理委员会,肥东经济开发区管理委员会,肥东经济开发区镇,肥东经济开发区管理委员会
CL,019,044,管理委员会,英阿瓦提管理委员会,英阿瓦提镇,英阿瓦提管理委员会
LJ,068,023,管理委员会,莲花管理委员会,莲花镇,莲花管理委员会
SD,069,014,管理委员会,诸城经济开发区管理委员会,诸城经济开发区镇,诸城经济开发区管理委员会
HI,017,005,管理委员会,长乐山工业园管理委员会,长乐山工业园镇,长乐山工业园管理委员会
JX,083,016,管理委员会,黎川县工业园区管理委员会,黎川县工业园区镇,黎川县工业园区管理委员会
JL,049,024,管理局,下岱吉灌区管理局,下岱吉灌区镇,下岱吉灌区管理局
HI,082,013,管理局,九宫山自然保护管理局,九宫山自然保护镇,九宫山自然保护管理局
SC,140,014,管理局,九寨沟风景名胜管理局,九寨沟风景名胜镇,九寨沟风景名胜管理局
RH,002,002,管理局,二连浩特市社区建设管理局,二连浩特市社区建设镇,二连浩特市社区建设管理局
HB,049,020,管理局,华北石油管理局,华北石油镇,华北石油管理局
HB,127,020,管理局,华北石油管理局,华北石油镇,华北石油管理局
FJ,024,013,管理局,后海管理局,后海镇,后海管理局
LJ,074,019,管理局,国有林场管理局,国有林场镇,国有林场管理局
RH,028,020,管理局,大青沟国家级自然保护区管理局,大青沟国家级自然保护区镇,大青沟国家级自然保护区管理局
JX,070,035,管理局,宜春市明月山温泉风景名胜区管理局,宜春市明月山温泉风景名胜区镇,宜春市明月山温泉风景名胜区管理局
JL,049,023,管理局,拉林灌区管理局,拉林灌区镇,拉林灌区管理局
HI,049,017,管理局,沙洋监狱管理局,沙洋监狱镇,沙洋监狱管理局
HU,018,012,管理局,炎陵县桃源洞管理局,炎陵县桃源洞镇,炎陵县桃源洞管理局
HU,095,014,管理局,阳明山国家森林公园管理局,阳明山国家森林公园镇,阳明山国家森林公园管理局
AH,056,016,经济开发区,经济开发区,经济开发区,经济开发区
AH,087,014,经济开发区,经济开发区,经济开发区,经济开发区
AH,099,017,经济开发区,经济开发区,经济开发区,经济开发区
HB,152,020,经济开发区,经济开发区,经济开发区,经济开发区
HI,036,016,经济开发区,经济开发区,经济开发区,经济开发区
HI,052,016,经济开发区,经济开发区,经济开发区,经济开发区
HI,072,016,经济开发区,经济开发区,经济开发区,经济开发区
HI,086,020,经济开发区,经济开发区,经济开发区,经济开发区
JS,027,019,经济开发区,经济开发区,经济开发区,经济开发区
JS,028,019,经济开发区,经济开发区,经济开发区,经济开发区
JS,035,008,经济开发区,经济开发区,经济开发区,经济开发区
JS,046,007,经济开发区,经济开发区,经济开发区,经济开发区
JS,064,018,经济开发区,经济开发区,经济开发区,经济开发区
JS,093,006,经济开发区,经济开发区,经济开发区,经济开发区
LJ,046,013,经济开发区,经济开发区,经济开发区,经济开发区
AH,114,019,经济技术开发区,经济技术开发区,经济技术开发区,经济技术开发区
CL,002,016,经济技术开发区,经济技术开发区,经济技术开发区,经济技术开发区
GX,001,027,经济技术开发区,经济技术开发区,经济技术开发区,经济技术开发区
GX,004,010,经济技术开发区,经济技术开发区,经济技术开发区,经济技术开发区
HI,056,016,经济技术开发区,经济技术开发区,经济技术开发区,经济技术开发区
GX,112,005,综合保税区,广西凭祥综合保税区,广西凭祥镇,广西凭祥综合保税区
JS,017,009,综合保税区,无锡高新区综合保税区,无锡高新区镇,无锡高新区综合保税区
FJ,048,022,综合保税区,泉州综合保税区,泉州镇,泉州综合保税区
LN,008,007,综合保税区,深圳坪山综合保税区,深圳坪山镇,深圳坪山综合保税区
LN,007,005,综合保税区,深圳盐田综合保税区,深圳盐田镇,深圳盐田综合保税区
XA,001,097,综合保税区,满洲里综合保税区,满洲里镇,满洲里综合保税区
XA,010,009,综合保税区,满洲里综合保税区,满洲里镇,满洲里综合保税区
HA,008,016,综合保税区,综合保税区,综合保税区,综合保税区
JS,037,009,综合保税区,苏州高新区综合保税区,苏州高新区镇,苏州高新区综合保税区
LJ,035,024,苗圃,一良苗圃,一良镇,一良苗圃
JS,055,015,苗圃,南通市海门区三厂苗圃,南通市海门区三厂镇,南通市海门区三厂苗圃
LJ,029,013,苗圃,泰来县一苗圃,泰来县一镇,泰来县一苗圃
LJ,029,014,苗圃,泰来县二苗圃,泰来县二镇,泰来县二苗圃
CL,012,017,苗圃,苗圃,苗圃,苗圃
JX,095,019,苗圃,铅山县国营森林苗圃,铅山县国营森林镇,铅山县国营森林苗圃
SI,086,018,苗圃,镇安县苗圃,镇安县镇,镇安县苗圃
AL,003,001,街道,街道,街道,街道
HI,025,014,试验区,东城城乡统筹发展试验区,东城城乡统筹发展镇,东城城乡统筹发展试验区
GD,169,019,试验区,揭阳（惠来）沿海经济开发试验区,揭阳（惠来）沿海经济开发镇,揭阳（惠来）沿海经济开发试验区
GD,086,023,试验区,星都经济开发试验区,星都经济开发镇,星都经济开发试验区
HI,054,018,试验区,高铁试验区,高铁镇,高铁试验区
HI,086,019,风景区,三潭风景区,三潭镇,三潭风景区
HE,001,177,风景区,伏羲山风景区,伏羲山镇,伏羲山风景区
HE,011,018,风景区,伏羲山风景区,伏羲山镇,伏羲山风景区
HE,158,018,风景区,凤鸣谷风景区,凤鸣谷镇,凤鸣谷风景区
HE,158,017,风景区,嵖岈山风景区,嵖岈山镇,嵖岈山风景区
AH,104,023,风景区,平天湖风景区,平天湖镇,平天湖风景区
HI,095,025,风景区,排湖风景区,排湖镇,排湖风景区
HI,001,157,风景区,江夏梁子湖风景区,江夏梁子湖镇,江夏梁子湖风景区
HI,012,019,风景区,江夏梁子湖风景区,江夏梁子湖镇,江夏梁子湖风景区
JS,097,014,风景区,溱湖风景区,溱湖镇,溱湖风景区
JL,022,011,风景区,玉佛山风景区,玉佛山镇,玉佛山风景区
LI,025,011,风景区,玉佛山风景区,玉佛山镇,玉佛山风景区
JX,071,016,风景区,百丈山名胜风景区,百丈山名胜镇,百丈山名胜风景区
JS,038,018,风景区,穹窿山风景区,穹窿山镇,穹窿山风景区
JS,094,011,风景区,茅山风景区,茅山镇,茅山风景区
AH,063,015,风景区,黄山风景区,黄山镇,黄山风景区
HE,109,019,风景区,龙王沟风景区,龙王沟镇,龙王沟风景区
GS,001,026,高新区,高新区,高新区,高新区
JS,034,016,高新区,高新区,高新区,高新区
JS,080,019,高新区,高新区,高新区,高新区
ZJ,024,021,高新技术产业园区,高新技术产业园区,高新技术产业园区,高新技术产业园区
AH,053,013,高新技术产业开发区,高新技术产业开发区,高新技术产业开发区,高新技术产业开发区
HB,082,015,高新技术产业开发区,高新技术产业开发区,高新技术产业开发区,高新技术产业开发区
HB,147,009,高新技术产业开发区,高新技术产业开发区,高新技术产业开发区,高新技术产业开发区
TW,059,009,高新技术产业开发区,高新技术产业开发区,高新技术产业开发区,高新技术产业开发区
GX,001,043,高新技术开发区,高新技术开发区,高新技术开发区,高新技术开发区
GX,005,015,高新技术开发区,高新技术开发区,高新技术开发区,高新技术开发区
JS,006,015,高新技术开发区,高新技术开发区,高新技术开发区,高新技术开发区
JX,013,011,高新技术开发区,高新技术开发区,高新技术开发区,高新技术开发区
